,Time (hours),Total Load,Predicted Loss
0,1,132.9303,1.0450511
1,2,15.818689999999998,0.21690224
2,3,176.37210000000002,1.8230181
3,4,172.35090000000005,1.7535621
4,5,209.36200000000002,2.473522
5,6,83.09781,0.5444087
6,7,183.47070000000002,1.9568003
7,8,74.3823,0.47195262
8,9,99.81700000000001,0.6787932
9,10,189.39959999999996,2.0752444
10,11,69.64894999999999,0.43655986
11,12,262.07689999999997,3.7801564
12,13,16.61075,0.21747294
13,14,239.0055,3.1675897
14,15,176.1097,1.8174678
15,16,261.5192,3.765097
16,17,140.9568,1.2613292
17,18,209.8801,2.4839065
18,19,237.19220000000004,3.1230817
19,20,22.59715,0.22875597
20,21,212.95410000000004,2.5526412
21,22,205.508,2.3967588
22,23,151.2748,1.4137028
23,24,150.50600000000003,1.4023718
24,25,236.86899999999991,3.1153414
25,26,260.5987,3.7405298
26,27,281.4719,4.3533187
27,28,237.072,3.1201398
28,29,33.44769,0.2502877
29,30,188.37750000000003,2.054809
30,31,193.50990000000002,2.1572683
31,32,193.7101,2.1612499
32,33,225.5471,2.8433678
33,34,107.09686999999998,0.73608744
34,35,158.46660000000003,1.520207
35,36,242.98299999999995,3.273083
36,37,124.98329999999999,0.9428158
37,38,92.92007,0.62424266
38,39,255.87080000000003,3.6151292
39,40,214.12339999999998,2.57918
40,41,220.4565,2.7232082
41,42,136.80990000000003,1.1985011
42,43,121.14309999999998,0.8934076
43,44,111.62660000000001,0.77187
44,45,179.66719999999998,1.8858739
45,46,223.7228,2.79946
46,47,305.4461,5.1115394
47,48,29.579490000000003,0.24248861
48,49,94.95357000000001,0.6402539
49,50,186.13500000000002,2.0100057
50,51,124.66779999999999,0.9387553
51,52,281.844,4.364925
52,53,152.22590000000002,1.4277977
53,54,309.61089999999996,5.2520595
54,55,174.89020000000002,1.796868
55,56,300.53059999999994,4.9458585
56,57,150.73969999999997,1.4058032
57,58,211.2686,2.5143032
58,59,55.58633999999999,0.3502363
59,60,125.04,0.9435537
60,61,132.9741,1.0456165
61,62,8.31819,0.21148852
62,63,196.0743,2.208419
63,64,140.6449,1.2566963
64,65,198.84090000000003,2.2635803
65,66,140.292,1.2514749
66,67,180.50760000000002,1.9012088
67,68,195.33969999999997,2.1937692
68,69,196.89750000000004,2.2248604
69,70,182.7296,1.9419583
70,71,220.74310000000003,2.7296631
71,72,125.55340000000001,0.95016074
72,73,219.43590000000003,2.6999624
73,74,80.63772999999999,0.52389973
74,75,262.51240000000007,3.7930906
75,76,138.4144,1.2237215
76,77,15.201840000000002,0.21645713
77,78,160.5701,1.5511657
78,79,105.86102,0.72638166
79,80,181.8059,1.924846
80,81,321.7379,5.6618505
81,82,281.0441,4.339992
82,83,185.28040000000001,1.9929318
83,84,122.35299999999998,0.9089898
84,85,160.80859999999998,1.5547338
85,86,54.24653,0.3428359
86,87,87.63449000000001,0.58222497
87,88,145.57670000000002,1.3295902
88,89,237.0125,3.1186554
89,90,225.13029999999998,2.8333235
90,91,175.59029999999998,1.8083739
91,92,199.4317,2.275368
92,93,131.27939999999998,1.0238104
93,94,240.82449999999997,3.2159479
94,95,180.0412,1.8926984
95,96,168.1391,1.6737682
96,97,296.03550000000007,4.8049664
97,98,231.40200000000004,2.9840639
98,99,140.03029999999998,1.247629
99,100,491.23,13.090139
100,101,50.55019,0.3234052
101,102,7.861679999999998,0.21115874
102,103,409.23220000000003,9.202947
103,104,221.78770000000006,2.7534215
104,105,196.14990000000003,2.209924
105,106,220.4108,2.7221363
106,107,208.21209999999994,2.4506276
107,108,55.73474000000001,0.35105243
108,109,69.37572,0.4347349
109,110,222.48520000000002,2.7697728
110,111,18.989349999999998,0.22165884
111,112,11.34281,0.21367188
112,113,91.19513,0.6106411
113,114,226.52999999999997,2.8669488
114,115,251.34679999999997,3.4949625
115,116,119.48549999999999,0.8720591
116,117,200.98539999999997,2.3059874
117,118,151.58300000000003,1.4183131
118,119,103.60877000000002,0.7086514
119,120,171.18540000000002,1.7314538
120,121,199.03740000000002,2.267516
121,122,78.41211,0.5053338
122,123,4.577310000000002,0.21145034
123,124,75.80896,0.48362306
124,125,132.305,1.0369959
125,126,371.80819999999994,7.5908484
126,127,49.8528,0.32003582
127,128,127.4914,0.97508025
128,129,179.72140000000005,1.8868753
129,130,-16.61014,0.2432074
130,131,218.04639999999995,2.6684375
131,132,287.76470000000006,4.5482116
132,133,358.38229999999993,7.031485
133,134,134.9937,1.07155
134,135,139.6069,1.2413603
135,136,120.36430000000001,0.88337076
136,137,142.51400000000004,1.2843245
137,138,145.71580000000003,1.3316401
138,139,321.81660000000005,5.664846
139,140,50.59519,0.32362378
140,141,27.078879999999998,0.23757297
141,142,10.11746,0.21278737
142,143,238.48219999999998,3.1541302
143,144,115.8775,0.8255975
144,145,208.36839999999998,2.4538105
145,146,291.5323,4.6652055
146,147,157.4064,1.5042604
147,148,72.42861,0.45644692
148,149,171.50580000000002,1.7375451
149,150,113.51,0.7951002
150,151,156.98170000000002,1.4980029
151,152,155.5399,1.4767319
152,153,22.232569999999992,0.2280401
153,154,173.92880000000002,1.7826749
154,155,207.68089999999998,2.4400485
155,156,249.6537,3.450174
156,157,124.41969999999999,0.9355606
157,158,213.242,2.5591147
158,159,8.743909999999998,0.21179572
159,160,209.2375,2.4710543
160,161,346.4947,6.55963
161,162,291.65490000000005,4.669124
162,163,23.967140000000004,0.23145205
163,164,212.15600000000003,2.5345187
164,165,235.67870000000002,3.0867703
165,166,219.33769999999998,2.6977727
166,167,216.79729999999995,2.6399925
167,168,197.2127,2.2311265
168,169,74.62986000000001,0.4739761
169,170,227.0197,2.8787377
170,171,52.12538,0.3311093
171,172,174.38060000000004,1.7887701
172,173,86.3215,0.57128525
173,174,10.710719999999998,0.21321553
174,175,257.9183,3.6696234
175,176,193.9818,2.166641
176,177,200.59269999999995,2.2981725
177,178,94.74476999999999,0.6386032
178,179,312.49760000000003,5.3494477
179,180,133.20910000000003,1.0486047
180,181,176.75310000000002,1.8310492
181,182,180.456,1.9002788
182,183,348.69789999999995,6.639664
183,184,180.93800000000002,1.90908
184,185,69.07571,0.43273526
185,186,289.9036,4.6146674
186,187,200.34079999999997,2.2931292
187,188,356.1312000000001,6.9375057
188,189,204.77570000000009,2.3821461
189,190,308.60429999999997,5.2180734
190,191,371.7513999999999,7.588599
191,192,227.19310000000002,2.8828998
192,193,311.68469999999996,5.322059
193,194,252.78779999999998,3.53317
194,195,-13.354690000000002,0.23354052
195,196,227.6716,2.894427
196,197,98.19959,0.6660658
197,198,174.6315999999999,1.7927681
198,199,128.3469,0.98607934
199,200,275.4531,4.17282
200,201,383.3001,8.070423
201,202,140.0064,1.2472454
202,203,69.86581,0.43802303
203,204,96.85600000000001,0.65547836
204,205,156.7992,1.4952818
205,206,93.82432000000001,0.6313622
206,207,88.09568,0.5860617
207,208,157.0797,1.4994351
208,209,87.74502999999999,0.58314365
209,210,228.7285,2.919767
210,211,181.4055,1.9175948
211,212,21.754099999999994,0.227097
212,213,154.8144,1.4660072
213,214,162.53330000000003,1.5823883
214,215,221.84470000000005,2.7547588
215,216,122.7092,0.91354406
216,217,170.29940000000002,1.7146026
217,218,62.87258,0.39127377
218,219,173.1795,1.7692461
219,220,51.028499999999994,0.32573467
220,221,209.67590000000004,2.479821
221,222,49.3176,0.3175826
222,223,135.55870000000002,1.1001774
223,224,125.82739999999998,0.9536704
224,225,139.62240000000003,1.2416102
225,226,135.49020000000002,1.0953455
226,227,329.71619999999996,5.9515204
227,228,129.47279999999998,1.0005594
228,229,228.00700000000003,2.9025083
229,230,266.1882,3.9011536
230,231,147.6847,1.3607241
231,232,219.27610000000004,2.6963131
232,233,182.6542,1.9404795
233,234,277.6324,4.236912
234,235,384.71340000000004,8.129159
235,236,144.62160000000003,1.3154479
236,237,204.9289,2.3852575
237,238,215.73669999999998,2.6159234
238,239,150.80109999999996,1.4067572
239,240,95.44435,0.6441144
240,241,202.1701,2.3295794
241,242,243.0795,3.2756188
242,243,250.8822,3.48266
243,244,169.93030000000002,1.7075664
244,245,18.740090000000002,0.22116902
245,246,29.019649999999995,0.2413879
246,247,63.55406,0.39582205
247,248,135.91049999999998,1.1216829
248,249,263.44599999999997,3.8205788
249,250,324.12149999999997,5.748612
250,251,269.4279,3.9960032
251,252,184.16559999999998,1.9706689
252,253,168.6112,1.6825825
253,254,15.263460000000002,0.21650164
254,255,172.39889999999997,1.7544808
255,256,60.570920000000015,0.37599933
256,257,183.25600000000003,1.9524599
257,258,214.40189999999998,2.585568
258,259,344.413,6.4842105
259,260,225.0288,2.8308616
260,261,157.8739,1.5111309
261,262,176.0244,1.8158746
262,263,200.25950000000003,2.291858
263,264,64.4094,0.40154234
264,265,149.1011,1.381663
265,266,175.2031,1.8018051
266,267,290.4451999999999,4.6314855
267,268,120.47139999999999,0.88475955
268,269,6.76743,0.21118875
269,270,204.68659999999994,2.380437
270,271,153.7588,1.4504328
271,272,135.5351,1.0984128
272,273,226.75949999999997,2.8725178
273,274,51.69368000000001,0.32898092
274,275,136.21379999999996,1.1524523
275,276,108.17805,0.744905
276,277,105.89826,0.726663
277,278,139.17139999999998,1.2349064
278,279,260.1876,3.7295454
279,280,148.17159999999998,1.3678879
280,281,250.3749,3.4692433
281,282,131.0133,1.0203903
282,283,174.35279999999997,1.7884029
283,284,193.4678,2.1564355
284,285,143.70409999999998,1.3019243
285,286,193.23069999999998,2.1516628
286,287,78.39208999999998,0.5051887
287,288,188.7081,2.0614324
288,289,201.14119999999997,2.3090425
289,290,108.029,0.7434226
290,291,256.8669,3.641649
291,292,136.9959,1.202742
292,293,126.5611,0.9631207
293,294,254.54579999999999,3.5799763
294,295,149.98170000000002,1.3946649
295,296,-12.34965,0.23157188
296,297,98.76225,0.6704929
297,298,27.756,0.23890267
298,299,108.54410999999999,0.7478019
299,300,204.0973,2.3686879
300,301,180.5565,1.902088
301,302,216.64200000000002,2.63654
302,303,117.04619999999998,0.8406439
303,304,61.11629,0.3795237
304,305,99.20532,0.6739819
305,306,111.674,0.77223074
306,307,377.73179999999996,7.8383
307,308,265.6586,3.8854594
308,309,129.1861,0.9968865
309,310,125.42760000000001,0.94855905
310,311,54.35657,0.34344614
311,312,19.09061,0.22185698
312,313,-2.898639999999998,0.21751685
313,314,237.24759999999998,3.1243744
314,315,270.1288,4.0166583
315,316,23.975759999999998,0.23146947
316,317,82.71645000000001,0.5412301
317,318,71.62924000000001,0.4502627
318,319,209.72730000000004,2.480839
319,320,59.73874,0.37177852
320,321,155.26550000000003,1.4726677
321,322,148.73669999999998,1.3762659
322,323,364.2471999999999,7.2756133
323,324,223.991,2.8059297
324,325,252.88619999999997,3.5358264
325,326,139.55270000000002,1.2405772
326,327,251.15150000000003,3.489755
327,328,81.4548,0.53071856
328,329,349.0193000000001,6.65107
329,330,56.77281000000001,0.35670298
330,331,92.90829000000001,0.62414193
331,332,59.39603000000001,0.37003633
332,333,197.26049999999998,2.2320855
333,334,145.24219999999997,1.3246216
334,335,185.9383,2.0060728
335,336,198.59190000000004,2.2586164
336,337,209.0433,2.467222
337,338,225.7467,2.848116
338,339,75.39135999999999,0.4801856
339,340,37.51521000000001,0.26664472
340,341,31.638560000000005,0.24653882
341,342,40.743900000000004,0.27962482
342,343,289.92459999999994,4.615415
343,344,238.16950000000003,3.146601
344,345,186.78539999999998,2.0230222
345,346,-23.629160000000006,0.26468685
346,347,263.9331,3.834927
347,348,111.8038,0.7732364
348,349,195.21990000000002,2.1913638
349,350,228.3677,2.9111378
350,351,120.97720000000001,0.89127755
351,352,164.4734,1.6140083
352,353,168.7012,1.6843191
353,354,72.38692,0.45611915
354,355,27.080720000000003,0.23757592
355,356,103.15794999999999,0.70510113
356,357,101.34451999999999,0.6908171
357,358,60.81183999999998,0.37747735
358,359,8.815760000000001,0.21184747
359,360,208.1651,2.449722
360,361,174.63459999999992,1.792816
361,362,196.70589999999999,2.221014
362,363,151.156,1.4119927
363,364,21.198180000000004,0.22600564
364,365,72.03013,0.45336667
365,366,208.64389999999997,2.4592774
366,367,248.58040000000003,3.4215994
367,368,237.62390000000002,3.133537
368,369,45.113789999999995,0.29831934
369,370,253.7975,3.5599096
370,371,125.2584,0.94634104
371,372,269.39360000000005,3.9951537
372,373,132.0899,1.0342319
373,374,152.77530000000002,1.4359292
374,375,94.85551,0.6394727
375,376,133.2526,1.0491589
376,377,171.381,1.7351598
377,378,161.40339999999998,1.5639507
378,379,71.19502999999999,0.44690225
379,380,98.59876,0.66920507
380,381,165.20719999999997,1.6259714
381,382,122.05560000000001,0.90515375
382,383,12.36246,0.21440804
383,384,0.26978999999999953,0.21339849
384,385,244.99689999999998,3.326628
385,386,117.5585,0.8472624
386,387,201.52000000000004,2.3166816
387,388,118.332,0.85720205
388,389,136.332,1.1642377
389,390,28.00505,0.2393933
390,391,187.34050000000002,2.034122
391,392,108.87989999999999,0.75042236
392,393,71.08881,0.44617906
393,394,20.632439999999995,0.22489192
394,395,138.5824,1.2261926
395,396,196.41940000000002,2.215296
396,397,249.1221,3.4358802
397,398,196.9906,2.2266815
398,399,99.33176,0.6749884
399,400,188.4852,2.0569332
400,401,147.27650000000006,1.3546656
401,402,185.6771,2.0009098
402,403,62.60629,0.38948205
403,404,70.70756,0.4436449
404,405,240.8228,3.215812
405,406,83.55024,0.548183
406,407,5.376150000000001,0.21135479
407,408,237.93550000000002,3.1409776
408,409,181.6966,1.9228518
409,410,232.5045,3.0104802
410,411,258.9664,3.6972725
411,412,150.51900000000003,1.4025623
412,413,239.5922,3.1831048
413,414,206.4339,2.4151733
414,415,113.65650000000001,0.7969831
415,416,226.60869999999994,2.8688314
416,417,28.07444,0.23952787
417,418,172.5919,1.7580919
418,419,235.94950000000003,3.0932333
419,420,31.85821,0.24696869
420,421,52.60803,0.33378768
421,422,0.5024300000000002,0.21309459
422,423,79.98354999999998,0.51845646
423,424,219.3127,2.697178
424,425,185.97679999999997,2.006853
425,426,97.93410999999999,0.6639786
426,427,305.6681,5.1192174
427,428,179.1111,1.8757582
428,429,273.0856,4.103438
429,430,-5.938829999999998,0.22147393
430,431,199.02089999999993,2.2671866
431,432,64.3203,0.40095112
432,433,112.8829,0.78701067
433,434,30.539230000000003,0.24437602
434,435,14.788249999999998,0.2161588
435,436,67.04366999999999,0.4191598
436,437,182.5009,1.9375082
437,438,17.86962,0.21945593
438,439,336.80409999999995,6.2088065
439,440,275.7699,4.18228
440,441,123.63310000000001,0.9254353
441,442,23.56195,0.23065557
442,443,185.69259999999994,2.0012217
443,444,156.58960000000002,1.492189
444,445,51.79435,0.32947582
445,446,169.1715,1.6932104
446,447,187.4641,2.0365276
447,448,159.40910000000002,1.5340652
448,449,215.55390000000003,2.6117375
449,450,38.41249,0.27025288
450,451,220.6826,2.728352
451,452,187.04590000000002,2.0282195
452,453,84.93632,0.5597291
453,454,220.46,2.7232609
454,455,192.272,2.132565
455,456,279.55539999999996,4.293917
456,457,112.4453,0.7813791
457,458,231.12810000000002,2.977447
458,459,115.02879999999999,0.8146745
459,460,254.33279999999996,3.5744107
460,461,65.45794000000001,0.40855905
461,462,113.5656,0.79583323
462,463,68.20023,0.42688462
463,464,15.682619999999998,0.21680406
464,465,233.98720000000003,3.0461266
465,466,147.8814,1.3636199
466,467,119.98719999999999,0.8785243
467,468,140.05329999999998,1.2479568
468,469,232.39030000000002,3.0077837
469,470,196.8626,2.2241347
470,471,122.3774,0.90928876
471,472,198.1006,2.2488475
472,473,218.9154,2.6881783
473,474,156.6817,1.4936049
474,475,300.6482999999999,4.949899
475,476,218.2955,2.6740706
476,477,206.65449999999996,2.4195676
477,478,127.93690000000001,0.98083305
478,479,182.32720000000003,1.9344107
479,480,202.18370000000004,2.3298953
480,481,211.64079999999996,2.5227363
481,482,211.80429999999998,2.5264199
482,483,165.87040000000005,1.6367956
483,484,141.83249999999998,1.2742758
484,485,234.155,3.050149
485,486,195.56980000000001,2.1983752
486,487,175.71260000000004,1.8105184
487,488,339.54310000000004,6.308081
488,489,266.8218,3.9194982
489,490,151.7546,1.4208256
490,491,-10.925490000000002,0.2288064
491,492,193.2933,2.1529555
492,493,62.86966,0.39124408
493,494,132.33679999999998,1.0373919
494,495,254.9333,3.5901918
495,496,35.277379999999994,0.2576478
496,497,104.16891,0.71304953
497,498,312.2405,5.340607
498,499,291.74550000000005,4.6717553
499,500,247.31679999999997,3.3881528
500,501,115.49229999999999,0.8206469
501,502,60.17576999999999,0.3739985
502,503,236.34290000000001,3.1026838
503,504,241.874,3.243737
504,505,78.30802000000001,0.50447637
505,506,35.41033,0.25818104
506,507,106.82132999999999,0.7339171
507,508,133.5038,1.0524012
508,509,3.4372999999999996,0.21158656
509,510,27.393490000000003,0.23818971
510,511,191.0702,2.108593
511,512,184.45090000000002,1.9763817
512,513,47.27014,0.30820185
513,514,210.5344,2.4975646
514,515,93.05124,0.62527096
515,516,136.7688,1.1968857
516,517,185.26630000000003,1.9927193
517,518,224.177,2.8103862
518,519,200.4308,2.294929
519,520,191.95669999999996,2.126239
520,521,198.2034,2.250892
521,522,296.96,4.833449
522,523,284.96650000000005,4.4618325
523,524,253.98640000000003,3.56527
524,525,67.6729,0.4233654
525,526,93.28450000000001,0.6271049
526,527,43.91741,0.29283988
527,528,329.17489999999987,5.931808
528,529,78.11864999999999,0.5029019
529,530,102.81929,0.7024343
530,531,188.9862,2.0669317
531,532,208.83660000000006,2.4631193
532,533,326.1449999999999,5.821977
533,534,254.35080000000005,3.5748103
534,535,212.70300000000006,2.546903
535,536,282.77850000000007,4.394051
536,537,43.703239999999994,0.2918523
537,538,114.59110000000001,0.80900836
538,539,225.67490000000004,2.8463674
539,540,216.13389999999998,2.6249096
540,541,179.0858,1.8752562
541,542,-5.325669999999999,0.2206746
542,543,230.7957,2.9695292
543,544,160.7631,1.5540385
544,545,125.78509999999999,0.95312476
545,546,105.61518,0.7244406
546,547,132.3859,1.0380193
547,548,80.94731,0.5264817
548,549,228.31309999999996,2.909838
549,550,204.81939999999997,2.3830354
550,551,310.9676,5.297837
551,552,92.75224,0.62290895
552,553,20.27187,0.2241818
553,554,192.2683,2.1324816
554,555,150.7939,1.4066143
555,556,107.26309,0.73740304
556,557,33.86154,0.2519549
557,558,209.39260000000002,2.4742167
558,559,211.174,2.512194
559,560,245.13260000000002,3.330203
560,561,230.7285,2.9678533
561,562,133.5671,1.0532231
562,563,142.79249999999996,1.2884802
563,564,86.97225,0.5767017
564,565,359.4599,7.076492
565,566,169.00360000000003,1.6900631
566,567,142.64479999999998,1.286239
567,568,141.55270000000004,1.2701048
568,569,260.83090000000004,3.7466028
569,570,39.34356999999999,0.2739961
570,571,64.78068999999999,0.40402862
571,572,229.29249999999996,2.9333522
572,573,-2.224599999999999,0.21664149
573,574,21.857210000000002,0.2273006
574,575,25.99785,0.23544554
575,576,33.287929999999996,0.2497817
576,577,154.9701,1.4683188
577,578,133.254,1.0491728
578,579,148.7871,1.3770036
579,580,139.1951,1.2352655
580,581,9.45359,0.21230826
581,582,239.63119999999998,3.1841805
582,583,121.91749999999999,0.90334296
583,584,41.938790000000004,0.28445488
584,585,130.1997,1.0099157
585,586,8.560009999999998,0.21166314
586,587,108.9186,0.75072956
587,588,175.5051,1.8068833
588,589,130.8471,1.0182489
589,590,240.87480000000002,3.2171092
590,591,236.6274,3.1095812
591,592,152.53179999999998,1.432324
592,593,191.8347,2.1238208
593,594,367.17330000000004,7.39807
594,595,98.4404,0.6679603
595,596,182.7298,1.9420081
596,597,226.47509999999997,2.8656757
597,598,148.97420000000002,1.379727
598,599,27.03231,0.23747936
599,600,102.65962000000002,0.7011888
600,601,13.633180000000001,0.21532488
601,602,40.866119999999995,0.28011644
602,603,139.67389999999997,1.2423652
603,604,223.3224,2.7898505
604,605,183.08100000000002,1.9490532
605,606,254.586,3.5810626
606,607,262.1546,3.7824106
607,608,303.239,5.037164
608,609,205.5547,2.3976476
609,610,290.0576000000001,4.6194253
610,611,171.5823,1.7389692
611,612,246.41999999999996,3.3644
612,613,198.5292,2.2573965
613,614,194.55,2.1779938
614,615,14.238120000000002,0.21576141
615,616,107.55041,0.739663
616,617,188.5077,2.0574074
617,618,234.69950000000003,3.0632637
618,619,212.6778,2.546324
619,620,284.01919999999996,4.4324512
620,621,249.76459999999997,3.4528868
621,622,37.550259999999994,0.26678574
622,623,179.618,1.8849536
623,624,154.0539,1.4547554
624,625,368.7302000000001,7.4629936
625,626,212.3764,2.5394924
626,627,220.70870000000002,2.7288811
627,628,187.82959999999997,2.0438616
628,629,135.3912,1.0885603
629,630,137.94410000000002,1.2167305
630,631,87.36136000000002,0.57994545
631,632,171.40980000000005,1.7356435
632,633,83.40950000000001,0.54700696
633,634,20.98874,0.22559127
634,635,177.501,1.8468808
635,636,166.7371,1.6509395
636,637,346.32890000000003,6.553832
637,638,75.15427,0.47825384
638,639,238.5987,3.1568606
639,640,370.752,7.546976
640,641,200.2295,2.2912965
641,642,116.4036,0.8323562
642,643,238.69669999999996,3.1593947
643,644,277.1049,4.2213044
644,645,115.9069,0.825966
645,646,171.1699,1.7311302
646,647,193.07159999999996,2.1485112
647,648,102.19199,0.69749725
648,649,161.33769999999996,1.5628644
649,650,39.52449,0.2747208
650,651,217.83859999999999,2.6637046
651,652,284.8939,4.4596663
652,653,220.37090000000003,2.7211802
653,654,118.12889999999999,0.8546128
654,655,254.9711,3.5911207
655,656,251.7952,3.5068433
656,657,172.20460000000003,1.7508096
657,658,179.39619999999996,1.8809277
658,659,107.50258,0.73928845
659,660,242.65710000000004,3.264561
660,661,209.5423,2.4771624
661,662,185.7513,2.0023804
662,663,193.82379999999998,2.1634734
663,664,309.6327,5.2528796
664,665,183.83470000000003,1.9640887
665,666,4.921929999999998,0.21140839
666,667,322.88149999999996,5.7035728
667,668,55.51929,0.34986153
668,669,159.28209999999999,1.5321566
669,670,189.02660000000003,2.0677924
670,671,227.56879999999998,2.8919399
671,672,144.2274,1.3096486
672,673,103.7799,0.7099893
673,674,117.79779999999998,0.8503376
674,675,177.6834,1.8507522
675,676,288.6011000000001,4.5742073
676,677,225.1819,2.8346164
677,678,136.4058,1.1720933
678,679,190.59190000000007,2.0989885
679,680,249.55129999999997,3.447294
680,681,140.1071,1.2487513
681,682,137.8877,1.2159268
682,683,295.52909999999997,4.789167
683,684,31.92556,0.2471018
684,685,14.256250000000001,0.2157747
685,686,43.45130000000001,0.29069737
686,687,202.69419999999997,2.3400614
687,688,73.74271,0.46673492
688,689,75.68675,0.48261973
689,690,117.2895,0.843802
690,691,59.88914,0.37253508
691,692,119.59499999999997,0.8734932
692,693,269.745,4.005506
693,694,118.3022,0.8568125
694,695,135.94129999999998,1.1248075
695,696,245.81580000000002,3.3483312
696,697,149.07370000000003,1.3812273
697,698,171.33810000000003,1.7343066
698,699,116.3576,0.8317753
699,700,203.10989999999995,2.3483229
700,701,60.35144999999999,0.3748921
701,702,203.25489999999996,2.351236
702,703,203.62960000000004,2.3586888
703,704,132.8027,1.0433848
704,705,185.51169999999996,1.9975519
705,706,149.13479999999998,1.3821088
706,707,208.6221,2.45883
707,708,119.66159999999998,0.87432635
708,709,164.98530000000002,1.6223928
709,710,194.5872,2.1787465
710,711,174.56080000000003,1.7916533
711,712,265.34549999999996,3.876186
712,713,147.74809999999997,1.3616799
713,714,283.78229999999996,4.425054
714,715,137.87539999999996,1.2157692
715,716,111.21329999999998,0.76861894
716,717,136.1869,1.1496583
717,718,99.34545,0.67507565
718,719,294.90799999999996,4.7699523
719,720,192.2639,2.1323736
720,721,295.0643999999999,4.7747846
721,722,192.6651,2.140424
722,723,161.33989999999997,1.5629685
723,724,174.4504,1.7898918
724,725,61.75981,0.38382614
725,726,270.15020000000004,4.017299
726,727,75.56926000000001,0.48163298
727,728,226.0492,2.8554566
728,729,190.8629,2.1044161
729,730,234.52230000000003,3.0589907
730,731,144.00039999999998,1.3062538
731,732,85.75066999999999,0.5665232
732,733,124.8702,0.9413543
733,734,83.88477999999999,0.55096376
734,735,244.05509999999995,3.3014789
735,736,203.44089999999997,2.354898
736,737,257.58610000000004,3.6607652
737,738,137.6534,1.2124513
738,739,40.54348999999999,0.27882338
739,740,98.80715,0.6708367
740,741,37.8092,0.26782694
741,742,239.64779999999996,3.1845477
742,743,278.59670000000006,4.265037
743,744,189.28939999999997,2.0729845
744,745,175.6095,1.8087229
745,746,326.8421,5.8474145
746,747,170.17739999999998,1.7122854
747,748,109.70549999999997,0.7567426
748,749,234.26909999999998,3.0529864
749,750,41.44797,0.28245682
750,751,185.17849999999996,1.9909247
751,752,119.51380000000002,0.87243056
752,753,233.4655,3.0336435
753,754,233.06830000000002,3.0240505
754,755,85.67326000000001,0.565873
755,756,220.78769999999997,2.7306654
756,757,238.0853999999999,3.1444347
757,758,24.403509999999997,0.23230982
758,759,131.52519999999998,1.0269672
759,760,215.4522,2.6094
760,761,193.60829999999996,2.159206
761,762,112.1145,0.77712476
762,763,119.15569999999997,0.8678057
763,764,58.888119999999994,0.36744997
764,765,228.38929999999996,2.9116232
765,766,219.70659999999998,2.7061088
766,767,141.205,1.2649336
767,768,335.8745,6.1750026
768,769,163.9914,1.6061801
769,770,172.26969999999997,1.7519847
770,771,126.6871,0.96475136
771,772,299.2924999999999,4.905944
772,773,224.2595,2.8123612
773,774,209.5584,2.477444
774,775,199.1823,2.2703893
775,776,188.80859999999996,2.0633733
776,777,156.86770000000004,1.496304
777,778,280.2684,4.315952
778,779,101.24012,0.6900015
779,780,261.80400000000003,3.7724354
780,781,30.142699999999998,0.2435959
781,782,1.9911900000000007,0.21175927
782,783,137.84049999999996,1.2152519
783,784,39.45051999999999,0.27442786
784,785,44.747420000000005,0.2966416
785,786,99.53674,0.6766051
786,787,297.0786,4.837209
787,788,246.76339999999996,3.3732536
788,789,182.545,1.9383377
789,790,279.6124,4.2956266
790,791,91.09464999999997,0.6098609
791,792,273.9941999999999,4.130028
792,793,205.99099999999993,2.4063551
793,794,68.90626999999999,0.4315967
794,795,148.34789999999998,1.3704997
795,796,138.37580000000003,1.2231722
796,797,183.78719999999998,1.9631525
797,798,53.62697,0.3394059
798,799,134.81439999999998,1.0692317
799,800,245.54060000000004,3.3409724
800,801,19.53185,0.222727
801,802,162.0473,1.5744315
802,803,220.99200000000005,2.7353861
803,804,115.9447,0.8264873
804,805,72.14470000000001,0.45424783
805,806,127.2441,0.971905
806,807,293.2201999999999,4.717498
807,808,121.93070000000002,0.9035268
808,809,152.3005,1.4289099
809,810,339.159,6.294152
810,811,254.95690000000002,3.5909672
811,812,224.10530000000006,2.8087156
812,813,80.92153000000003,0.52626634
813,814,22.785500000000003,0.22912589
814,815,191.80949999999996,2.1233127
815,816,276.6062,4.206829
816,817,333.35230000000007,6.083615
817,818,120.9474,0.89088786
818,819,189.01379999999995,2.0675178
819,820,184.55789999999996,1.9785384
820,821,239.1981,3.1725886
821,822,242.38679999999997,3.257446
822,823,264.70740000000006,3.8575256
823,824,190.92379999999997,2.105662
824,825,88.78872,0.5916841
825,826,23.557699999999993,0.23064645
826,827,129.36749999999998,0.9992138
827,828,284.2919,4.4410458
828,829,96.37950000000002,0.6514764
829,830,138.2465,1.2212126
830,831,176.1527,1.8183458
831,832,161.33769999999996,1.5628644
832,833,310.68090000000007,5.288243
833,834,36.98319,0.2645062
834,835,122.00780000000002,0.9045048
835,836,135.9166,1.1221789
836,837,22.157589999999995,0.22789195
837,838,230.52740000000003,2.9630587
838,839,97.93903999999999,0.6639998
839,840,209.4807,2.4759343
840,841,130.2477,1.010542
841,842,222.702,2.7749612
842,843,227.7971,2.8973992
843,844,236.76639999999998,3.112877
844,845,39.04114999999999,0.2727796
845,846,59.04709,0.3682604
846,847,100.08148000000001,0.68088806
847,848,148.7846,1.3769912
848,849,117.52520000000003,0.8468144
849,850,140.00920000000002,1.2472775
850,851,188.3031,2.0533092
851,852,362.9593000000001,7.221989
852,853,30.027680000000004,0.24337284
853,854,276.5389,4.204641
854,855,210.4637,2.496058
855,856,213.84460000000004,2.5728765
856,857,220.0569,2.7140582
857,858,225.8836,2.8514583
858,859,259.8643,3.721153
859,860,66.75583999999999,0.4172337
860,861,189.595,2.079079
861,862,188.04279999999997,2.0481484
862,863,287.5852,4.5424533
863,864,24.17173,0.23185281
864,865,126.59190000000001,0.9635079
865,866,352.69960000000003,6.7939563
866,867,305.49120000000005,5.1132355
867,868,161.9984,1.5736408
868,869,263.0516,3.8088853
869,870,339.12,6.2927227
870,871,163.0368,1.5906307
871,872,240.80349999999999,3.2153077
872,873,85.33751,0.56308806
873,874,127.7809,0.9787967
874,875,51.403130000000004,0.3275677
875,876,195.77110000000002,2.2023613
876,877,110.57860000000001,0.7636342
877,878,266.6107,3.9133947
878,879,328.7392000000001,5.9162855
879,880,138.8654,1.2303568
880,881,198.7102,2.2610075
881,882,261.6363,3.768168
882,883,246.3023,3.3612583
883,884,242.65350000000007,3.2643983
884,885,137.49869999999999,1.2101396
885,886,73.145,0.4619973
886,887,83.28869,0.5460069
887,888,97.21943,0.658345
888,889,287.8438,4.550639
889,890,222.80490000000003,2.7774527
890,891,189.65849999999998,2.0804055
891,892,18.94697,0.22157556
892,893,173.57149999999996,1.7766962
893,894,195.6081,2.1991055
894,895,97.41372999999999,0.6598704
895,896,239.2799,3.174885
896,897,110.43079999999999,0.76246643
897,898,181.06359999999995,1.9113312
898,899,144.5414,1.3142787
899,900,197.00399999999996,2.2269857
900,901,404.7361,8.988811
901,902,137.24689999999998,1.2064203
902,903,145.3021,1.3254797
903,904,210.50730000000001,2.4969733
904,905,220.7977,2.7309384
905,906,61.50681,0.38213933
906,907,360.67139999999995,7.126421
907,908,85.14542999999999,0.5614885
908,909,208.68239999999997,2.4600604
909,910,147.9112,1.3640634
910,911,128.44080000000002,0.9872812
911,912,156.23320000000004,1.4869244
912,913,190.50339999999997,2.097259
913,914,166.29250000000005,1.6437045
914,915,316.4012,5.4808764
915,916,203.11579999999998,2.3484838
916,917,211.13979999999998,2.5113308
917,918,324.7367,5.770894
918,919,25.53947000000001,0.23454517
919,920,248.05470000000003,3.4076402
920,921,81.64144999999999,0.53226316
921,922,192.0088,2.127305
922,923,138.29549999999998,1.2219621
923,924,223.63619999999995,2.7974527
924,925,27.80121,0.23899288
925,926,173.67079999999996,1.7785803
926,927,196.7022,2.2209609
927,928,165.9796,1.6385776
928,929,85.16172999999999,0.5616085
929,930,17.827219999999997,0.21937078
930,931,239.18000000000004,3.1721318
931,932,197.216,2.2312047
932,933,290.22040000000004,4.6246686
933,934,232.1963,3.0031602
934,935,146.8486,1.3483695
935,936,232.8469,3.0187232
936,937,134.4789,1.064931
937,938,40.24194,0.27760446
938,939,296.50079999999997,4.8193755
939,940,48.82811,0.3153455
940,941,136.6666,1.1925853
941,942,154.35490000000004,1.459201
942,943,300.5844,4.947473
943,944,155.8853,1.4817911
944,945,184.40179999999998,1.9753641
945,946,23.17407,0.22989213
946,947,191.994,2.126973
947,948,101.91876,0.69533813
948,949,128.2468,0.9848238
949,950,220.91099999999997,2.7334654
950,951,197.9541,2.24593
951,952,165.50209999999998,1.630819
952,953,186.99539999999993,2.0271907
953,954,112.5094,0.7821902
954,955,48.89959999999999,0.31566772
955,956,184.32629999999997,1.9738697
956,957,38.29458999999999,0.26977885
957,958,205.8137,2.4028845
958,959,170.58739999999997,1.720064
959,960,286.4801999999999,4.5081573
960,961,128.53879999999998,0.98856175
961,962,143.0142,1.2917053
962,963,51.40826,0.32758152
963,964,178.11350000000002,1.8580234
964,965,15.605130000000003,0.2167483
965,966,147.23349999999996,1.3540415
966,967,74.49566,0.47288594
967,968,153.2058,1.442285
968,969,230.2023,2.9552345
969,970,135.29959999999997,1.082117
970,971,54.35839,0.34345055
971,972,212.84889999999996,2.5502255
972,973,27.07813,0.23757033
973,974,156.13120000000004,1.4854702
974,975,123.89460000000001,0.9288063
975,976,151.64429999999996,1.4192137
976,977,139.7317,1.243229
977,978,185.3199,1.9937589
978,979,196.39770000000001,2.2148757
979,980,34.33813000000001,0.25386706
980,981,172.29600000000002,1.7525293
981,982,55.70393,0.35088524
982,983,83.27953000000002,0.5459306
983,984,214.9455,2.5979028
984,985,70.86632,0.44470915
985,986,203.4822,2.3557441
986,987,13.683090000000002,0.21536116
987,988,176.0878,1.8169937
988,989,115.8953,0.82584023
989,990,31.40667,0.24608271
990,991,221.06830000000002,2.7370722
991,992,17.85682,0.21942961
992,993,411.8894,9.329096
993,994,189.7304,2.0818143
994,995,140.8185,1.2592789
995,996,263.6201,3.8256633
996,997,149.3666,1.3855492
997,998,196.84579999999997,2.2238
998,999,264.0635,3.838579
999,1000,108.65433999999999,0.74864626
1000,1001,177.4505,1.8457915
1001,1002,310.8736,5.294745
1002,1003,122.5175,0.9110749
1003,1004,91.24153,0.61101985
1004,1005,239.74889999999996,3.1873078
1005,1006,188.69889999999998,2.0612245
1006,1007,76.69974000000002,0.49105823
1007,1008,110.4406,0.7625214
1008,1009,205.0062,2.3868
1009,1010,60.707939999999994,0.3767843
1010,1011,203.2812,2.3517845
1011,1012,8.14152,0.21136054
1012,1013,191.1842,2.1108644
1013,1014,199.95030000000003,2.285711
1014,1015,119.9833,0.87845516
1015,1016,108.89170000000003,0.75052166
1016,1017,236.07840000000004,3.0963295
1017,1018,29.42107,0.2421788
1018,1019,47.832919999999994,0.31077886
1019,1020,182.06819999999996,1.9296606
1020,1021,144.97670000000002,1.3206857
1021,1022,197.78759999999997,2.2425559
1022,1023,157.15920000000003,1.5005835
1023,1024,228.74539999999996,2.920204
1024,1025,239.5146,3.1810892
1025,1026,110.5064,0.7630484
1026,1027,134.4699,1.0648084
1027,1028,127.41539999999998,0.9741014
1028,1029,274.2103,4.136461
1029,1030,218.51920000000004,2.6791065
1030,1031,125.10590000000002,0.94440377
1031,1032,298.82860000000005,4.8916216
1032,1033,56.71934999999999,0.3564229
1033,1034,77.40838,0.49696615
1034,1035,281.4719,4.3533187
1035,1036,240.8228,3.215812
1036,1037,186.34589999999997,2.0142334
1037,1038,147.69289999999998,1.3608788
1038,1039,95.29667,0.6429591
1039,1040,281.008,4.338938
1040,1041,194.6411,2.179809
1041,1042,229.59839999999997,2.9407403
1042,1043,176.9869,1.8360101
1043,1044,232.5891,3.0125504
1044,1045,70.74097999999998,0.44386303
1045,1046,208.08650000000003,2.4481533
1046,1047,220.55939999999998,2.7255557
1047,1048,88.55403999999999,0.5898107
1048,1049,89.36085,0.5961975
1049,1050,225.09159999999997,2.832402
1050,1051,113.42380000000001,0.7940079
1051,1052,171.01039999999998,1.728107
1052,1053,171.10050000000004,1.7298266
1053,1054,75.32341000000001,0.4796403
1054,1055,327.0355,5.854382
1055,1056,158.5383,1.5212531
1056,1057,148.01550000000003,1.3656256
1057,1058,26.527189999999997,0.23648724
1058,1059,340.5425,6.3441777
1059,1060,217.28809999999993,2.6511362
1060,1061,299.4050000000001,4.909282
1061,1062,192.87000000000003,2.1444597
1062,1063,186.9238,2.0257924
1063,1064,232.8023,3.0176785
1064,1065,249.70749999999995,3.4514134
1065,1066,27.09945,0.23761311
1066,1067,130.91,1.0190487
1067,1068,235.8501,3.0909054
1068,1069,112.1713,0.77786744
1069,1070,56.649179999999994,0.35607058
1070,1071,199.16449999999995,2.2700453
1071,1072,126.77450000000002,0.9658483
1072,1073,124.40540000000003,0.9353663
1073,1074,90.61140999999999,0.60604095
1074,1075,162.19859999999997,1.5769564
1075,1076,156.7201,1.4941689
1076,1077,90.12968999999998,0.6022482
1077,1078,93.43892999999998,0.6283158
1078,1079,258.9907,3.6980445
1079,1080,21.29158,0.2261875
1080,1081,153.7562,1.4504291
1081,1082,196.84459999999996,2.22378
1082,1083,200.97850000000003,2.3058302
1083,1084,127.0281,0.96911657
1084,1085,51.531580000000005,0.32818574
1085,1086,324.1592000000001,5.7500815
1086,1087,125.95100000000004,0.9552548
1087,1088,241.03480000000005,3.2213938
1088,1089,39.814604,0.27589035
1089,1090,178.1963,1.8592776
1090,1091,192.6292,2.1396773
1091,1092,119.0066,0.8658898
1092,1093,212.04160000000002,2.5318801
1093,1094,86.89343000000001,0.5760386
1094,1095,157.55749999999998,1.5065215
1095,1096,110.09060000000002,0.75978184
1096,1097,179.7031,1.8865417
1097,1098,199.08069999999998,2.268409
1098,1099,17.04729,0.21783571
1099,1100,125.00380000000001,0.9430717
1100,1101,74.34022,0.4716237
1101,1102,186.30050000000003,2.0132997
1102,1103,218.85819999999998,2.686814
1103,1104,200.838,2.3030655
1104,1105,144.1158,1.3080152
1105,1106,329.8708,5.957172
1106,1107,335.73990000000003,6.17003
1107,1108,211.67889999999997,2.523596
1108,1109,191.27899999999997,2.112726
1109,1110,293.318,4.720574
1110,1111,9.853620000000001,0.21259712
1111,1112,256.15999999999997,3.6227744
1112,1113,36.23864,0.2615113
1113,1114,-13.211589999999998,0.23325819
1114,1115,45.06804,0.2981131
1115,1116,46.12613999999999,0.3029588
1116,1117,105.03931999999999,0.71990514
1117,1118,291.5953999999999,4.6672883
1118,1119,129.54770000000002,1.0015316
1119,1120,179.3266,1.8796686
1120,1121,65.98547,0.41208762
1121,1122,19.428910000000005,0.2225228
1122,1123,103.10771000000001,0.70470333
1123,1124,236.77339999999998,3.1130893
1124,1125,114.98509999999999,0.8141066
1125,1126,271.25559999999996,4.049661
1126,1127,93.82653000000002,0.63136816
1127,1128,288.61639999999994,4.5745015
1128,1129,235.2095,3.075528
1129,1130,131.2576,1.0235149
1130,1131,22.682199999999998,0.2289254
1131,1132,0.5541299999999991,0.21302825
1132,1133,119.32580000000003,0.8700248
1133,1134,205.2303,2.3912241
1134,1135,3.5858500000000015,0.21156818
1135,1136,54.965160000000004,0.3467994
1136,1137,274.0743,4.132426
1137,1138,113.94900000000001,0.8007698
1138,1139,75.05139,0.47742504
1139,1140,152.95159999999998,1.4384819
1140,1141,276.51950000000005,4.204061
1141,1142,203.9356,2.3648107
1142,1143,245.44359999999998,3.3384438
1143,1144,162.90730000000002,1.5884633
1144,1145,14.088810000000002,0.215654
1145,1146,131.22269999999997,1.0230708
1146,1147,56.974970000000006,0.35772598
1147,1148,203.28930000000003,2.351874
1148,1149,300.87690000000003,4.957417
1149,1150,4.713789999999998,0.2114335
1150,1151,47.81138,0.31068593
1151,1152,281.4963,4.354152
1152,1153,208.34790000000004,2.4534118
1153,1154,103.37701000000001,0.7068224
1154,1155,61.77581000000001,0.38392907
1155,1156,216.3372,2.6295607
1156,1157,170.68439999999998,1.7219322
1157,1158,114.85669999999998,0.8124529
1158,1159,139.4161,1.23852
1159,1160,43.830490000000005,0.2924369
1160,1161,129.7918,1.0046513
1161,1162,152.9936,1.4391514
1162,1163,252.04739999999998,3.5135248
1163,1164,-8.01595,0.2241775
1164,1165,129.7203,1.0037714
1165,1166,3.4257,0.21158776
1166,1167,212.8217,2.5496254
1167,1168,266.49840000000006,3.9101574
1168,1169,64.72532,0.4036554
1169,1170,67.22780999999999,0.4203853
1170,1171,161.8605,1.571443
1171,1172,232.30020000000005,3.0056028
1172,1173,154.70279999999997,1.4643813
1173,1174,32.98268,0.24918197
1174,1175,138.37800000000001,1.223178
1175,1176,215.19190000000003,2.603484
1176,1177,143.37179999999998,1.2969732
1177,1178,259.3349,3.7070553
1178,1179,133.1153,1.0474054
1179,1180,185.86039999999997,2.004542
1180,1181,264.3556,3.8471491
1181,1182,23.74532,0.23101561
1182,1183,215.58129999999997,2.61238
1183,1184,250.21190000000004,3.4647195
1184,1185,151.0683,1.4106897
1185,1186,123.11589999999998,0.9187745
1186,1187,242.5176,3.2607903
1187,1188,-20.340939999999993,0.25469515
1188,1189,114.19080000000001,0.80387366
1189,1190,36.94671,0.26436022
1190,1191,249.461,3.4450169
1191,1192,133.33679999999998,1.0502675
1192,1193,74.33468000000002,0.47157267
1193,1194,220.4553,2.7231903
1194,1195,216.1191,2.6245935
1195,1196,195.4774,2.196537
1196,1197,247.56209999999996,3.39448
1197,1198,64.05139,0.39916041
1198,1199,158.45320000000004,1.5199738
1199,1200,259.7093,3.7170548
1200,1201,244.60270000000003,3.3160212
1201,1202,227.6646,2.8942645
1202,1203,192.01790000000003,2.1274986
1203,1204,203.3875,2.3538733
1204,1205,198.8838,2.2644722
1205,1206,245.5964,3.3424451
1206,1207,111.6213,0.7718128
1207,1208,53.916720000000005,0.34101215
1208,1209,208.81380000000001,2.462693
1209,1210,243.09880000000004,3.276138
1210,1211,113.17,0.7907289
1211,1212,94.46923000000001,0.6364368
1212,1213,13.90534,0.2155216
1213,1214,239.02580000000006,3.1681097
1214,1215,224.62810000000002,2.8212154
1215,1216,216.77699999999996,2.6395438
1216,1217,128.904,0.99324274
1217,1218,228.40310000000005,2.912018
1218,1219,215.07129999999998,2.6007478
1219,1220,287.06450000000007,4.5263777
1220,1221,126.82090000000002,0.9664444
1221,1222,182.79810000000003,1.9433627
1222,1223,199.36069999999998,2.2739446
1223,1224,229.8346,2.9463065
1224,1225,200.07150000000001,2.2881665
1225,1226,25.198150000000002,0.23387323
1226,1227,21.70953,0.22701052
1227,1228,153.7171,1.4497776
1228,1229,224.41549999999998,2.816139
1229,1230,20.950580000000002,0.22551925
1230,1231,223.54709999999997,2.7952607
1231,1232,201.8505,2.3232164
1232,1233,161.8917,1.5718926
1233,1234,175.0339,1.7991344
1234,1235,118.46600000000002,0.85893154
1235,1236,249.08850000000004,3.4350889
1236,1237,52.35692999999999,0.33238843
1237,1238,152.8439,1.4368868
1238,1239,181.15590000000003,1.9130044
1239,1240,241.01299999999998,3.2208245
1240,1241,180.33729999999997,1.8980713
1241,1242,389.3632000000002,8.323218
1242,1243,106.08239999999999,0.72811294
1243,1244,347.8281,6.608043
1244,1245,278.4812,4.261626
1245,1246,224.84040000000002,2.8263557
1246,1247,43.699679999999994,0.29183817
1247,1248,278.6033,4.2653365
1248,1249,72.88194,0.4599534
1249,1250,139.7616,1.2436016
1250,1251,169.3821,1.6971917
1251,1252,-1.2091600000000005,0.21532086
1252,1253,52.383410000000005,0.33253425
1253,1254,159.5879,1.5366894
1254,1255,204.0131,2.3669431
1255,1256,107.66900000000001,0.74059737
1256,1257,238.40570000000002,3.152324
1257,1258,196.8484,2.2238736
1258,1259,245.7372,3.3462393
1259,1260,78.36087,0.50491774
1260,1261,40.18444,0.277377
1261,1262,222.93510000000003,2.7805204
1262,1263,245.18929999999997,3.3316448
1263,1264,116.63930000000002,0.8353995
1264,1265,119.3652,0.8704922
1265,1266,237.46600000000004,3.1296377
1266,1267,297.1227,4.838696
1267,1268,63.51902,0.39558974
1268,1269,107.34926000000002,0.7380774
1269,1270,72.50048,0.45700946
1270,1271,74.25726,0.47093564
1271,1272,154.7953,1.4657439
1272,1273,129.244,0.9976343
1273,1274,206.4717,2.4159725
1274,1275,195.83709999999996,2.2037175
1275,1276,228.10640000000004,2.9048364
1276,1277,123.9383,0.92936337
1277,1278,48.69814000000001,0.3147509
1278,1279,227.2046,2.8831909
1279,1280,183.86390000000006,1.9646648
1280,1281,12.921919999999998,0.21481198
1281,1282,126.03609999999999,0.95636785
1282,1283,29.626260000000002,0.24258254
1283,1284,156.97439999999997,1.4978954
1284,1285,197.32870000000003,2.2334354
1285,1286,152.7752,1.4359233
1286,1287,143.55079999999998,1.2996303
1287,1288,222.73639999999997,2.7757542
1288,1289,219.12630000000001,2.6929195
1289,1290,333.7529,6.098038
1290,1291,94.03543000000003,0.63302624
1291,1292,-2.684989999999999,0.21724048
1292,1293,277.1219,4.2218156
1293,1294,294.01469999999995,4.7421956
1294,1295,340.33500000000004,6.336839
1295,1296,267.7160999999999,3.9457412
1296,1297,259.8785,3.7213676
1297,1298,198.1221,2.24927
1298,1299,204.0973,2.3686879
1299,1300,8.81407,0.21184663
1300,1301,257.79760000000005,3.6662538
1301,1302,179.298,1.8791256
1302,1303,191.4262,2.1157212
1303,1304,125.05290000000001,0.94372976
1304,1305,181.03940000000003,1.9108939
1305,1306,287.41689999999994,4.5374284
1306,1307,166.63890000000004,1.6493268
1307,1308,246.49579999999997,3.366339
1308,1309,150.01909999999998,1.3952078
1309,1310,221.7294,2.752132
1310,1311,172.01029999999997,1.7470869
1311,1312,202.14829999999995,2.329141
1312,1313,292.15229999999997,4.684377
1313,1314,121.27720000000002,0.89513934
1314,1315,216.76639999999998,2.6393423
1315,1316,168.11729999999997,1.6734285
1316,1317,60.349940000000004,0.374877
1317,1318,49.55993,0.31870002
1318,1319,72.93760999999999,0.46038994
1319,1320,63.400220000000004,0.3947939
1320,1321,221.21909999999994,2.7404816
1321,1322,57.034670000000006,0.3580267
1322,1323,268.9465,3.9820626
1323,1324,288.92789999999997,4.584238
1324,1325,281.26380000000006,4.3470044
1325,1326,199.56209999999996,2.2779412
1326,1327,189.73489999999998,2.0818915
1327,1328,57.43838000000001,0.3600848
1328,1329,149.39389999999997,1.3859848
1329,1330,307.9452999999999,5.1958222
1330,1331,49.76018000000001,0.31961507
1331,1332,230.5413,2.9633691
1332,1333,253.40699999999998,3.5494673
1333,1334,49.91280000000001,0.32031113
1334,1335,110.24769999999998,0.7610085
1335,1336,133.055,1.0466313
1336,1337,298.94370000000004,4.895167
1337,1338,-1.6572400000000027,0.21590196
1338,1339,36.51269999999999,0.2626137
1339,1340,140.6112,1.2561837
1340,1341,248.503,3.4196079
1341,1342,135.01940000000002,1.0718937
1342,1343,212.24039999999997,2.5363855
1343,1344,244.8983,3.3240335
1344,1345,217.56799999999998,2.657551
1345,1346,176.17409999999998,1.8188266
1346,1347,192.6866,2.1408234
1347,1348,200.559,2.2974885
1348,1349,54.6881,0.3452655
1349,1350,3.743870000000001,0.2115489
1350,1351,159.9679,1.5423414
1351,1352,210.1542,2.4893336
1352,1353,185.70830000000004,2.0014832
1353,1354,182.9624,1.9466598
1354,1355,70.65732,0.44330183
1355,1356,209.9647,2.4855766
1356,1357,24.811019999999996,0.23311049
1357,1358,173.56189999999998,1.7765312
1358,1359,235.52129999999997,3.0829976
1359,1360,165.74589999999998,1.6347739
1360,1361,123.03500000000003,0.9177512
1361,1362,246.7107,3.3720822
1362,1363,124.6143,0.9380752
1363,1364,221.0753,2.7372205
1364,1365,69.68913,0.43683472
1365,1366,123.1828,0.91964793
1366,1367,186.9549,2.0264254
1367,1368,-0.2446799999999998,0.21406592
1368,1369,131.73090000000002,1.0296127
1369,1370,90.09768,0.60199964
1370,1371,187.9721,2.046716
1371,1372,270.3601,4.023343
1372,1373,16.200429999999997,0.21717736
1373,1374,10.67083,0.21318673
1374,1375,247.5313,3.3938415
1375,1376,157.70120000000003,1.5086328
1376,1377,381.43500000000006,7.992638
1377,1378,141.95620000000002,1.2761096
1378,1379,73.00728000000001,0.46093446
1379,1380,266.92119999999994,3.9224684
1380,1381,235.56679999999997,3.084119
1381,1382,17.03986,0.21782151
1382,1383,163.9577,1.6056315
1383,1384,241.58350000000002,3.23608
1384,1385,210.57229999999998,2.4984777
1385,1386,36.98603,0.26451337
1386,1387,188.03459999999995,2.047946
1387,1388,196.41800000000003,2.215268
1388,1389,216.30410000000003,2.6288352
1389,1390,47.46857,0.30911607
1390,1391,237.19500000000002,3.123226
1391,1392,29.738729999999997,0.24280123
1392,1393,60.09241,0.37356693
1393,1394,269.1997,3.9894383
1394,1395,291.32149999999996,4.6586843
1395,1396,154.05890000000005,1.4549121
1396,1397,246.1445,3.3570118
1397,1398,182.54059999999998,1.9382445
1398,1399,19.49823,0.22265875
1399,1400,227.38269999999997,2.8874798
1400,1401,34.51072,0.2545609
1401,1402,127.36819999999997,0.97351766
1402,1403,191.54840000000002,2.118107
1403,1404,145.32840000000004,1.3258886
1404,1405,205.11610000000002,2.3889403
1405,1406,178.77909999999997,1.8696848
1406,1407,228.59609999999998,2.91669
1407,1408,90.65137999999999,0.6063628
1408,1409,306.2038999999999,5.1370893
1409,1410,162.9292,1.5888999
1410,1411,210.12000000000006,2.4886558
1411,1412,96.48892999999998,0.6523415
1412,1413,35.97863,0.26046592
1413,1414,99.75890999999999,0.6783365
1414,1415,93.07972999999998,0.62549484
1415,1416,83.17795000000001,0.5450877
1416,1417,197.1143,2.2291727
1417,1418,155.53420000000003,1.4766273
1418,1419,168.9474,1.6889328
1419,1420,257.15160000000003,3.6490576
1420,1421,161.96609999999998,1.5731953
1421,1422,184.49069999999998,1.9771596
1422,1423,11.575069999999998,0.21383983
1423,1424,128.69860000000003,0.99063075
1424,1425,319.3032,5.578635
1425,1426,42.41304,0.28641224
1426,1427,89.83744,0.59995055
1427,1428,193.28,2.1526682
1428,1429,193.59480000000002,2.1589663
1429,1430,239.45410000000004,3.1794455
1430,1431,252.38040000000004,3.5224257
1431,1432,231.13039999999998,2.977496
1432,1433,252.26589999999996,3.5194838
1433,1434,342.1814,6.4035516
1434,1435,76.70226,0.49108905
1435,1436,137.58630000000002,1.2114453
1436,1437,116.96750000000002,0.8396293
1437,1438,208.1184,2.4487731
1438,1439,85.62714999999999,0.5654968
1439,1440,220.0442,2.7137773
1440,1441,169.26620000000003,1.695007
1441,1442,179.82420000000002,1.8887683
1442,1443,120.46969999999999,0.88472605
1443,1444,147.7131,1.3611735
1444,1445,59.307640000000006,0.3695812
1445,1446,141.8554,1.2745799
1446,1447,132.062,1.0338831
1447,1448,144.78260000000003,1.3178157
1448,1449,63.73949000000001,0.39706126
1449,1450,108.28115,0.7457187
1450,1451,147.91970000000006,1.3641924
1451,1452,297.0841,4.8375206
1452,1453,199.72290000000004,2.2811892
1453,1454,151.3202,1.4144121
1454,1455,146.12390000000002,1.3376964
1455,1456,133.235,1.0489463
1456,1457,169.7288,1.7037697
1457,1458,308.5512,5.216416
1458,1459,48.96372000000001,0.31596732
1459,1460,118.40050000000001,0.85810447
1460,1461,12.212589999999999,0.21429977
1461,1462,215.77429999999998,2.6167457
1462,1463,137.1566,1.2051119
1463,1464,135.01170000000002,1.071772
1464,1465,189.6895,2.0810182
1465,1466,269.19550000000004,3.9892747
1466,1467,115.92240000000001,0.82616675
1467,1468,132.14960000000002,1.0350187
1468,1469,45.36865,0.29948926
1469,1470,275.8854,4.1857295
1470,1471,213.62550000000002,2.5679371
1471,1472,128.0342,0.98205376
1472,1473,92.19612000000001,0.6185366
1473,1474,160.46560000000002,1.5496813
1474,1475,58.80980000000001,0.3670519
1475,1476,273.2823,4.1092925
1476,1477,233.6001,3.0368733
1477,1478,134.7212,1.0680654
1478,1479,151.8531,1.4222993
1479,1480,268.14629999999994,3.9584482
1480,1481,60.911510000000014,0.3781508
1481,1482,104.95033,0.7191968
1482,1483,208.80230000000003,2.4623733
1483,1484,159.9189,1.5416023
1484,1485,192.20739999999995,2.1312404
1485,1486,68.92369000000001,0.43172973
1486,1487,156.5249,1.4912969
1487,1488,31.57131,0.24640377
1488,1489,214.9362,2.5977314
1489,1490,19.61263,0.22288512
1490,1491,191.05689999999996,2.1082847
1491,1492,95.98124000000001,0.648334
1492,1493,316.54230000000007,5.4858375
1493,1494,75.30026,0.47944808
1494,1495,121.57170000000002,0.89890575
1495,1496,122.86370000000001,0.91555345
1496,1497,97.73729999999999,0.66242707
1497,1498,34.65711,0.25515127
1498,1499,192.68190000000004,2.140763
1499,1500,242.0913,3.2495363
1500,1501,128.3085,0.98561215
1501,1502,199.9926,2.2865674
1502,1503,89.82425,0.5998386
1503,1504,100.74692,0.6861206
1504,1505,331.59590000000003,6.0199337
1505,1506,146.113,1.3375024
1506,1507,302.0979,4.9985805
1507,1508,216.8203,2.6405926
1508,1509,236.84390000000002,3.1147566
1509,1510,192.10330000000005,2.1291893
1510,1511,133.3777,1.0507668
1511,1512,271.43570000000005,4.055124
1512,1513,119.363,0.8704804
1513,1514,212.4553,2.5412917
1514,1515,137.8839,1.2158546
1515,1516,341.07620000000003,6.3633075
1516,1517,154.4602,1.4607596
1517,1518,224.3427,2.814388
1518,1519,223.5128,2.794432
1519,1520,311.4548,5.3143983
1520,1521,272.29110000000003,4.080232
1521,1522,104.77656,0.7178327
1522,1523,-1.8923399999999977,0.2162098
1523,1524,36.309850000000004,0.26180053
1524,1525,93.61008000000001,0.62966895
1525,1526,8.82987,0.21185777
1526,1527,222.67249999999999,2.774183
1527,1528,59.10678999999999,0.36856624
1528,1529,229.4613,2.937433
1529,1530,56.45951000000001,0.35505652
1530,1531,42.49974,0.2867662
1531,1532,233.88109999999998,3.0435922
1532,1533,204.76100000000002,2.381922
1533,1534,301.2285,4.969395
1534,1535,246.1003,3.355646
1535,1536,179.43959999999998,1.881703
1536,1537,271.02049999999997,4.0427556
1537,1538,127.90319999999998,0.9803965
1538,1539,123.07480000000001,0.91827416
1539,1540,390.12639999999993,8.3549185
1540,1541,273.84599999999995,4.1258445
1541,1542,184.30610000000004,1.9734858
1542,1543,234.9904,3.0702336
1543,1544,217.69119999999998,2.6603472
1544,1545,207.18429999999998,2.4301858
1545,1546,106.77270999999998,0.73354805
1546,1547,238.54140000000004,3.155502
1547,1548,72.34434,0.45579198
1548,1549,219.06149999999997,2.6915064
1549,1550,195.48980000000003,2.196764
1550,1551,245.89370000000002,3.3503683
1551,1552,187.71450000000002,2.041535
1552,1553,8.359679999999999,0.21151833
1553,1554,40.74736,0.2796386
1554,1555,190.01540000000003,2.0874984
1555,1556,133.4098,1.0512005
1556,1557,113.08909999999999,0.78968215
1557,1558,117.2922,0.8438281
1558,1559,167.10189999999997,1.6568722
1559,1560,224.3977,2.8157296
1560,1561,85.94135,0.5681028
1561,1562,208.22189999999998,2.4508626
1562,1563,378.07779999999997,7.8527374
1563,1564,221.0719,2.7371285
1564,1565,128.87470000000002,0.992877
1565,1566,42.840019999999996,0.28817105
1566,1567,44.61131,0.29601786
1567,1568,44.92694,0.2974648
1568,1569,189.3839,2.074915
1569,1570,224.1509,2.8097835
1570,1571,136.46109999999996,1.1775272
1571,1572,105.9496,0.72706246
1572,1573,197.1755,2.2303543
1573,1574,264.1644,3.8416584
1574,1575,274.73920000000004,4.1520796
1575,1576,104.98002,0.71943784
1576,1577,143.5794,1.3000704
1577,1578,223.72610000000003,2.7995107
1578,1579,91.38982999999999,0.6121876
1579,1580,140.28250000000003,1.2513446
1580,1581,215.51520000000002,2.6108084
1581,1582,89.564,0.59778726
1582,1583,20.82968,0.22528026
1583,1584,42.71582000000001,0.28765833
1584,1585,114.0198,0.8016634
1585,1586,264.47310000000004,3.8506806
1586,1587,269.13750000000005,3.9875088
1587,1588,292.31390000000005,4.689566
1588,1589,248.42330000000004,3.4174175
1589,1590,155.7606,1.4799839
1590,1591,42.27438,0.28583813
1591,1592,233.52370000000002,3.034997
1592,1593,220.38470000000004,2.7215567
1593,1594,161.9037,1.5721217
1594,1595,220.02749999999997,2.7133932
1595,1596,225.66119999999998,2.8460739
1596,1597,241.10950000000003,3.2232964
1597,1598,113.78059999999996,0.79859006
1598,1599,223.94660000000002,2.8048959
1599,1600,254.3158,3.5739582
1600,1601,131.5751,1.0275865
1601,1602,73.27669,0.46301454
1602,1603,68.05677,0.42592186
1603,1604,188.26460000000003,2.052547
1604,1605,171.32020000000003,1.7339857
1605,1606,170.9313,1.7265683
1606,1607,107.94968,0.7428081
1607,1608,10.59877,0.21313469
1608,1609,125.64109999999998,0.95129144
1609,1610,22.92401,0.22939874
1610,1611,74.65934999999999,0.47421703
1611,1612,243.70380000000003,3.292165
1612,1613,0.950579999999998,0.21251304
1613,1614,217.62290000000002,2.658795
1614,1615,206.61560000000003,2.4188406
1615,1616,252.2425,3.5187385
1616,1617,204.4448,2.3755841
1617,1618,94.85692,0.63948214
1618,1619,102.86298,0.7027712
1619,1620,176.9656,1.835591
1620,1621,258.8692,3.6947157
1621,1622,49.29042000000001,0.31745988
1622,1623,223.1496,2.7857063
1623,1624,226.48210000000003,2.8657844
1624,1625,280.2754,4.3163342
1625,1626,104.32575000000001,0.7142948
1626,1627,127.58409999999999,0.9762738
1627,1628,179.3186,1.879497
1628,1629,300.6661,4.9503555
1629,1630,223.02289999999996,2.7826731
1630,1631,220.2441,2.71835
1631,1632,126.75030000000001,0.9655638
1632,1633,178.63760000000002,1.8670768
1633,1634,206.79829999999998,2.422422
1634,1635,204.95969999999997,2.3858569
1635,1636,156.61679999999998,1.4926096
1636,1637,285.4165000000001,4.4758487
1637,1638,212.38299999999992,2.539634
1638,1639,115.08040000000001,0.81532586
1639,1640,208.59460000000004,2.4583294
1640,1641,5.51843,0.211337
1641,1642,64.34919,0.4011359
1642,1643,227.0197,2.8787377
1643,1644,263.65240000000006,3.8264234
1644,1645,132.78199999999998,1.0431218
1645,1646,203.5678,2.3575318
1646,1647,188.47930000000002,2.0568564
1647,1648,185.17260000000002,1.9907731
1648,1649,69.57687,0.43608606
1649,1650,167.8164,1.6685023
1650,1651,125.21489999999999,0.9457867
1651,1652,177.79370000000003,1.8533429
1652,1653,139.30319999999998,1.2368733
1653,1654,163.4326,1.5970663
1654,1655,10.14515,0.21280722
1655,1656,147.3907,1.3564035
1656,1657,295.4155,4.7857594
1657,1658,69.50851000000002,0.43563122
1658,1659,95.08918,0.64132845
1659,1660,27.496490000000005,0.2383933
1660,1661,142.3956,1.2825435
1661,1662,166.92090000000002,1.6539215
1662,1663,235.27020000000005,3.076917
1663,1664,60.01238000000001,0.3731704
1664,1665,307.2349,5.1721263
1665,1666,234.56700000000004,3.0600574
1666,1667,191.13140000000004,2.1097891
1667,1668,378.3200999999999,7.8626013
1668,1669,338.2472,6.260939
1669,1670,130.6953,1.016301
1670,1671,202.6679,2.339577
1671,1672,-1.8715400000000044,0.21618056
1672,1673,92.06061000000001,0.61745524
1673,1674,22.972919999999995,0.22949629
1674,1675,25.40688,0.23428433
1675,1676,234.8628,3.067217
1676,1677,59.95086,0.37285715
1677,1678,93.05265000000001,0.625278
1678,1679,288.90749999999997,4.583618
1679,1680,84.00901,0.55201364
1680,1681,170.0528,1.7099178
1681,1682,94.28661000000001,0.6350006
1682,1683,233.49630000000002,3.0343626
1683,1684,43.871050000000004,0.2926247
1684,1685,198.20700000000002,2.2509625
1685,1686,21.147070000000003,0.22590423
1686,1687,242.10880000000003,3.2499492
1687,1688,160.52090000000004,1.5505172
1688,1689,222.3882,2.7673595
1689,1690,202.73060000000004,2.3407247
1690,1691,151.04099999999997,1.4102854
1691,1692,-16.488089999999996,0.24283604
1692,1693,176.6729,1.8294054
1693,1694,111.4976,0.7708478
1694,1695,78.88549,0.5092994
1695,1696,211.3396,2.5158837
1696,1697,280.74060000000003,4.3307366
1697,1698,171.1868,1.7314442
1698,1699,212.2929,2.5376012
1699,1700,68.38004,0.42808628
1700,1701,3.9392299999999993,0.21152657
1701,1702,233.3388,3.0305722
1702,1703,240.7044,3.2126977
1703,1704,238.48229999999998,3.1541445
1704,1705,174.6791,1.7934912
1705,1706,185.4338,1.9960259
1706,1707,116.27749999999997,0.8307452
1707,1708,138.6516,1.2271955
1708,1709,150.2039,1.397917
1709,1710,109.18749999999999,0.75262
1710,1711,158.30570000000003,1.5178074
1711,1712,203.9869,2.3664937
1712,1713,33.42914,0.2502115
1713,1714,187.13209999999998,2.029936
1714,1715,0.39602000000000204,0.21323323
1715,1716,264.4508,3.849889
1716,1717,227.9554,2.9011514
1717,1718,143.9739,1.30588
1718,1719,208.05450000000002,2.447532
1719,1720,278.0992,4.25063
1720,1721,105.17049000000002,0.7209314
1721,1722,106.09799999999998,0.72823286
1722,1723,240.2572,3.2008293
1723,1724,223.06870000000004,2.7837615
1724,1725,143.19449999999998,1.2943891
1725,1726,124.87510000000002,0.9414283
1726,1727,125.41039999999998,0.9482964
1727,1728,394.7893,8.549197
1728,1729,18.6862,0.22106123
1729,1730,262.6861,3.798249
1730,1731,166.48899999999998,1.6468853
1731,1732,193.8754,2.1645257
1732,1733,143.7055,1.3019513
1733,1734,255.17389999999997,3.5967457
1734,1735,121.81999999999998,0.90211093
1735,1736,194.93349999999998,2.1856456
1736,1737,-4.533090000000004,0.21964508
1737,1738,148.28180000000003,1.3695623
1738,1739,223.72840000000005,2.7996597
1739,1740,133.657,1.0543715
1740,1741,248.01720000000003,3.4067118
1741,1742,180.1321,1.8943354
1742,1743,293.39949999999993,4.723232
1743,1744,197.0209,2.2273204
1744,1745,118.36940000000001,0.8576968
1745,1746,90.82273,0.60770917
1746,1747,26.85102,0.23712295
1747,1748,104.88489,0.71869564
1748,1749,216.8294,2.6407135
1749,1750,249.8071,3.4541292
1750,1751,234.08460000000002,3.0485573
1751,1752,210.24790000000004,2.491266
1752,1753,128.34550000000002,0.98606205
1753,1754,144.4249,1.3125151
1754,1755,230.08569999999997,2.9524162
1755,1756,45.03045,0.2979378
1756,1757,226.12569999999997,2.8572628
1757,1758,192.42309999999998,2.135567
1758,1759,192.68440000000004,2.140795
1759,1760,283.02919999999995,4.401755
1760,1761,100.46100999999999,0.68386805
1761,1762,190.50209999999998,2.0972073
1762,1763,123.92160000000001,0.92915213
1763,1764,110.29649999999998,0.76140726
1764,1765,80.59020999999998,0.5235112
1765,1766,105.29433000000002,0.7219026
1766,1767,146.06760000000003,1.3368021
1767,1768,225.14949999999996,2.8337772
1768,1769,159.04720000000003,1.5287117
1769,1770,90.61905999999999,0.60610175
1770,1771,99.73958,0.67818296
1771,1772,120.79450000000001,0.88892996
1772,1773,243.9983,3.300028
1773,1774,263.22470000000004,3.8139122
1774,1775,218.15480000000002,2.670911
1775,1776,90.47008000000001,0.6049443
1776,1777,87.84571,0.5839813
1777,1778,173.1986,1.7696201
1778,1779,247.54279999999997,3.3939106
1779,1780,155.0986,1.4702278
1780,1781,223.57090000000002,2.7957873
1781,1782,211.7974,2.5263214
1782,1783,221.1849,2.739751
1783,1784,167.639,1.66563
1784,1785,59.26012,0.36934415
1785,1786,156.34490000000002,1.4886535
1786,1787,151.1233,1.4114937
1787,1788,179.73429999999996,1.8871249
1788,1789,208.06490000000002,2.4477153
1789,1790,99.22998999999999,0.6741822
1790,1791,96.11161000000001,0.6493714
1791,1792,123.80699999999999,0.9276675
1792,1793,220.0011,2.7128632
1793,1794,205.9636,2.4058492
1794,1795,124.09169999999997,0.9313662
1795,1796,203.39210000000003,2.3539321
1796,1797,109.30129999999998,0.75356245
1797,1798,93.47769000000001,0.62863374
1798,1799,127.5453,0.9757825
1799,1800,131.33089999999999,1.0244644
1800,1801,210.14619999999996,2.4892488
1801,1802,138.7755,1.2290591
1802,1803,233.62060000000002,3.037349
1803,1804,307.9296,5.195402
1804,1805,327.63789999999995,5.8763366
1805,1806,80.48187999999999,0.5226003
1806,1807,151.181,1.412345
1807,1808,184.14929999999998,1.9703695
1808,1809,36.92613,0.26427636
1809,1810,186.03390000000002,2.0079985
1810,1811,205.19360000000003,2.3905404
1811,1812,-19.83522,0.25312698
1812,1813,169.0874,1.6915885
1813,1814,230.21560000000005,2.9555292
1814,1815,234.86149999999998,3.067191
1815,1816,267.2379,3.9319067
1816,1817,137.44580000000002,1.2093633
1817,1818,198.74390000000002,2.2616916
1818,1819,232.0216,2.9989874
1819,1820,264.72819999999996,3.8582156
1820,1821,380.35820000000007,7.9476447
1821,1822,23.8537,0.23122871
1822,1823,236.7218,3.111811
1823,1824,185.343,1.9942313
1824,1825,210.86790000000002,2.5051396
1825,1826,372.113,7.6035323
1826,1827,136.11100000000002,1.1419673
1827,1828,336.51930000000004,6.1985717
1828,1829,179.0367,1.8744122
1829,1830,218.97,2.689401
1830,1831,43.06925,0.2891161
1831,1832,38.62761000000001,0.27111602
1832,1833,227.79489999999998,2.8973901
1833,1834,167.40130000000002,1.6617454
1834,1835,190.86769999999996,2.1045122
1835,1836,23.57849,0.23068742
1836,1837,105.54802000000001,0.7239034
1837,1838,304.46889999999996,5.078858
1838,1839,151.0495,1.410427
1839,1840,22.304970000000004,0.22818148
1840,1841,211.51080000000002,2.5197687
1841,1842,297.53,4.851311
1842,1843,147.49140000000003,1.3578414
1843,1844,43.959999999999994,0.29303426
1844,1845,75.51519,0.4811996
1845,1846,234.12749999999997,3.0494957
1846,1847,41.47961,0.2825809
1847,1848,81.01032000000001,0.52701014
1848,1849,290.9962999999999,4.6487327
1849,1850,13.770810000000003,0.21542446
1850,1851,17.03853,0.21781904
1851,1852,162.2934,1.5784949
1852,1853,226.7915,2.873279
1853,1854,237.95230000000004,3.1413107
1854,1855,111.9856,0.77545226
1855,1856,223.9463,2.8048584
1856,1857,136.4134,1.1726736
1857,1858,59.98298,0.37301588
1858,1859,207.60229999999996,2.4384835
1859,1860,6.51614,0.21121827
1860,1861,97.1845,0.6580646
1861,1862,150.49749999999997,1.4022802
1862,1863,198.69470000000004,2.260696
1863,1864,140.92550000000003,1.260833
1864,1865,49.686879999999995,0.3192794
1865,1866,179.22129999999999,1.8777426
1866,1867,185.70710000000003,2.0014572
1867,1868,119.2589,0.86914575
1868,1869,31.44751,0.24616158
1869,1870,216.29050000000004,2.628483
1870,1871,164.5765,1.6157191
1871,1872,279.7257000000001,4.2991023
1872,1873,154.7781,1.4654757
1873,1874,185.82679999999993,2.0038683
1874,1875,220.92349999999996,2.7338207
1875,1876,24.22075,0.23194931
1876,1877,22.445239999999995,0.22845823
1877,1878,176.96070000000003,1.8354824
1878,1879,250.3325,3.468017
1879,1880,225.4396,2.8407454
1880,1881,146.41539999999998,1.3419589
1881,1882,219.99290000000002,2.7126443
1882,1883,185.0514,1.9883865
1883,1884,111.10400000000001,0.7677629
1884,1885,242.40279999999998,3.2578335
1885,1886,108.68554999999999,0.7489022
1886,1887,136.39270000000002,1.1706878
1887,1888,28.332789999999996,0.24003933
1888,1889,170.07049999999998,1.7102402
1889,1890,218.2851,2.6738107
1890,1891,221.0341,2.7362463
1891,1892,283.39799999999997,4.4132338
1892,1893,141.59150000000002,1.2706785
1893,1894,130.2757,1.0108957
1894,1895,169.79350000000002,1.7050052
1895,1896,97.60299,0.66135955
1896,1897,37.49626,0.26656935
1897,1898,200.47390000000001,2.2957673
1898,1899,10.400860000000002,0.21299183
1899,1900,215.1909,2.6034791
1900,1901,130.68769999999998,1.016192
1901,1902,75.06527999999999,0.47752213
1902,1903,233.7555,3.0406153
1903,1904,297.8163,4.860085
1904,1905,-6.706189999999999,0.2224731
1905,1906,149.70800000000003,1.3906182
1906,1907,235.03150000000002,3.0712466
1907,1908,143.9646,1.3057312
1908,1909,120.9387,0.8907652
1909,1910,156.43939999999998,1.4900025
1910,1911,185.45549999999997,1.9964427
1911,1912,158.6835,1.5233976
1912,1913,190.83370000000005,2.1038442
1913,1914,192.28310000000002,2.132753
1914,1915,272.5419,4.087559
1915,1916,327.42099999999994,5.8683085
1916,1917,110.97909999999997,0.76676893
1917,1918,199.9661,2.2860506
1918,1919,170.0811,1.7104826
1919,1920,27.222119999999997,0.23785387
1920,1921,241.11659999999995,3.2236578
1921,1922,24.82333,0.2331359
1922,1923,279.99739999999997,4.307551
1923,1924,217.25740000000002,2.6505067
1924,1925,142.56689999999998,1.2851096
1925,1926,188.3099,2.053462
1926,1927,120.93990000000001,0.8907815
1927,1928,203.2982,2.3521435
1928,1929,95.18451999999999,0.64208007
1929,1930,131.865,1.0313458
1930,1931,324.6567,5.7680087
1931,1932,254.27620000000002,3.5728743
1932,1933,264.9217,3.8638365
1933,1934,214.38470000000007,2.5851424
1934,1935,43.26230999999999,0.28991246
1935,1936,142.77890000000002,1.2882117
1936,1937,43.91527,0.29282564
1937,1938,68.57888000000001,0.42941323
1938,1939,15.121550000000003,0.21639906
1939,1940,29.07914,0.24150664
1940,1941,153.2263,1.442566
1941,1942,188.0899,2.0490677
1942,1943,29.526620000000005,0.24238518
1943,1944,221.0502,2.7366502
1944,1945,241.59949999999998,3.2363818
1945,1946,232.07189999999994,3.0001757
1946,1947,240.2967,3.2019422
1947,1948,23.90664,0.23133224
1948,1949,208.7213,2.460829
1949,1950,96.77888,0.6548729
1950,1951,236.86249999999995,3.1151943
1951,1952,315.3843999999999,5.4468427
1952,1953,112.62170000000002,0.7836646
1953,1954,80.13425999999998,0.51971745
1954,1955,207.6284,2.4390123
1955,1956,208.40620000000004,2.4545212
1956,1957,342.7987,6.4259243
1957,1958,335.68619999999993,6.168301
1958,1959,372.82899999999995,7.633632
1959,1960,8.7894,0.21182844
1960,1961,70.08618999999999,0.43948516
1961,1962,192.41230000000002,2.1353836
1962,1963,221.6439,2.7501237
1963,1964,197.154,2.2299612
1964,1965,164.2768,1.6108345
1965,1966,155.372,1.4742333
1966,1967,140.8161,1.25924
1967,1968,170.6941,1.7220753
1968,1969,136.9694,1.2023721
1969,1970,45.32566,0.29928854
1970,1971,216.73690000000002,2.6386034
1971,1972,160.77520000000004,1.5542388
1972,1973,103.4051,0.7070414
1973,1974,412.11709999999994,9.33991
1974,1975,178.81600000000003,1.870319
1975,1976,87.45277000000002,0.5807054
1976,1977,184.02299999999997,1.9678034
1977,1978,133.4201,1.0513151
1978,1979,195.5565,2.1980813
1979,1980,263.1481,3.8116677
1980,1981,128.2661,0.9850571
1981,1982,218.1811,2.6714575
1982,1983,332.38439999999997,6.0485053
1983,1984,129.9912,1.0072334
1984,1985,250.1382,3.4628215
1985,1986,201.78080000000003,2.3218203
1986,1987,192.603,2.139165
1987,1988,36.86817,0.26404443
1988,1989,167.61379999999994,1.6652211
1989,1990,217.37170000000006,2.6530073
1990,1991,106.93892000000002,0.7348497
1991,1992,164.02490000000003,1.6067256
1992,1993,63.78782000000002,0.3973907
1993,1994,49.26294,0.31733495
1994,1995,140.34719999999996,1.2522589
1995,1996,269.5059,3.9983113
1996,1997,203.1785,2.3497355
1997,1998,120.9859,0.89136374
1998,1999,126.45060000000001,0.9617144
1999,2000,112.67449999999998,0.7843553
2000,2001,211.49490000000003,2.5194876
2001,2002,142.67960000000002,1.2867482
2002,2003,188.7297,2.0618358
2003,2004,178.9218,1.8722833
2004,2005,243.09890000000004,3.27614
2005,2006,48.98265,0.31605053
2006,2007,231.4076,2.9842079
2007,2008,131.75159999999997,1.0298744
2008,2009,190.43260000000004,2.0958316
2009,2010,235.23830000000004,3.076228
2010,2011,211.52340000000004,2.5201347
2011,2012,122.88070000000002,0.91577756
2012,2013,165.81759999999997,1.6359171
2013,2014,174.5065,1.7907686
2014,2015,202.68939999999998,2.3400013
2015,2016,178.90279999999996,1.8719636
2016,2017,141.296,1.2663246
2017,2018,207.89140000000006,2.4442608
2018,2019,211.32340000000002,2.515569
2019,2020,116.7784,0.8372127
2020,2021,210.8497,2.5047128
2021,2022,189.13939999999997,2.0700123
2022,2023,91.99136,0.6169218
2023,2024,130.8407,1.018152
2024,2025,233.56360000000006,3.0359967
2025,2026,296.112,4.807336
2026,2027,214.0481,2.577495
2027,2028,120.80940000000001,0.8890735
2028,2029,182.8532,1.9444816
2029,2030,180.61159999999998,1.9031018
2030,2031,240.84380000000002,3.2164524
2031,2032,215.1155,2.6017778
2032,2033,206.5038,2.4165986
2033,2034,194.68089999999998,2.1806178
2034,2035,159.46689999999998,1.5349711
2035,2036,233.0833,3.0244653
2036,2037,36.96626999999999,0.26443928
2037,2038,192.09230000000005,2.1289978
2038,2039,141.8674,1.274791
2039,2040,245.73320000000004,3.3460636
2040,2041,341.01990000000006,6.361199
2041,2042,54.08858,0.34195852
2042,2043,140.19839999999996,1.250088
2043,2044,139.40540000000001,1.2383499
2044,2045,99.33680000000001,0.67501426
2045,2046,255.3278,3.6007464
2046,2047,155.3097,1.4733598
2047,2048,125.7182,0.95228064
2048,2049,201.63459999999998,2.3189073
2049,2050,200.47390000000001,2.2957673
2050,2051,214.4146,2.585849
2051,2052,198.54969999999997,2.2577963
2052,2053,116.00329999999998,0.8272214
2053,2054,203.93650000000005,2.3654375
2054,2055,163.8368,1.6036249
2055,2056,116.32809999999998,0.8314252
2056,2057,236.84870000000004,3.1148846
2057,2058,131.5958,1.0278776
2058,2059,150.4592,1.4017121
2059,2060,127.55030000000001,0.97583795
2060,2061,207.56790000000004,2.4378083
2061,2062,80.93321,0.52637255
2062,2063,181.74680000000004,1.9237713
2063,2064,232.20680000000002,3.0033572
2064,2065,175.1253,1.8005952
2065,2066,254.2397,3.5719883
2066,2067,217.173,2.6485093
2067,2068,247.1408,3.3834202
2068,2069,193.9437,2.1658888
2069,2070,44.77320999999999,0.29676306
2070,2071,127.2934,0.97254884
2071,2072,238.59620000000004,3.1568077
2072,2073,155.14189999999996,1.4708179
2073,2074,159.40339999999998,1.5339844
2074,2075,286.1947,4.4994845
2075,2076,254.63020000000003,3.5824244
2076,2077,225.5094,2.8423836
2077,2078,182.79440000000002,1.9433166
2078,2079,206.0149,2.4068828
2079,2080,187.37319999999997,2.0347378
2080,2081,98.78943999999998,0.6707059
2081,2082,198.2801,2.2524
2082,2083,269.9722,4.01201
2083,2084,169.8104,1.7053384
2084,2085,60.74489,0.3770452
2085,2086,164.21820000000002,1.6099089
2086,2087,104.1367,0.71280444
2087,2088,213.39839999999998,2.5627725
2088,2089,237.1392,3.121916
2089,2090,59.61017,0.37112212
2090,2091,118.0257,0.85326767
2091,2092,138.4696,1.2245337
2092,2093,183.33030000000005,1.9540176
2093,2094,201.8903,2.3240294
2094,2095,353.816,6.840599
2095,2096,131.4802,1.0263886
2096,2097,126.10809999999998,0.95729244
2097,2098,338.9817,6.287601
2098,2099,217.01999999999998,2.6450956
2099,2100,66.80688,0.41757
2100,2101,191.78539999999995,2.1228411
2101,2102,71.22443000000001,0.44711962
2102,2103,68.57747,0.42940733
2103,2104,7.050579999999999,0.21115151
2104,2105,322.1619999999999,5.6773515
2105,2106,27.27527,0.23795862
2106,2107,190.58339999999998,2.0988636
2107,2108,137.1351,1.2048019
2108,2109,237.39170000000001,3.127966
2109,2110,51.198249999999994,0.32656658
2110,2111,139.16169999999997,1.2347894
2111,2112,162.28150000000002,1.578286
2112,2113,231.66999999999996,2.9903967
2113,2114,198.9402,2.2655926
2114,2115,203.1897,2.3499334
2115,2116,196.8589,2.2240813
2116,2117,72.46051,0.45669547
2117,2118,258.5785,3.6870363
2118,2119,211.4869,2.5192406
2119,2120,204.79399999999998,2.3825383
2120,2121,74.73808999999999,0.47486588
2121,2122,263.3813,3.8185027
2122,2123,113.15979999999998,0.7905952
2123,2124,50.576060000000005,0.32353064
2124,2125,196.3823,2.214573
2125,2126,219.60589999999996,2.703882
2126,2127,208.31249999999994,2.4526434
2127,2128,118.9345,0.8649534
2128,2129,278.9519,4.27562
2129,2130,442.3057,10.772006
2130,2131,20.97904,0.22557473
2131,2132,286.382,4.505059
2132,2133,187.41500000000002,2.0356174
2133,2134,174.64549999999997,1.7929634
2134,2135,109.97989999999999,0.7589185
2135,2136,227.70219999999998,2.895144
2136,2137,140.62539999999998,1.2563903
2137,2138,324.7391,5.7710905
2138,2139,192.19639999999998,2.1310651
2139,2140,44.79765,0.2968718
2140,2141,236.93600000000004,3.116875
2141,2142,299.1775,4.902405
2142,2143,125.171,0.94520986
2143,2144,239.2032,3.172857
2144,2145,49.334309999999995,0.31766284
2145,2146,82.11745,0.5362408
2146,2147,36.02356999999999,0.2606497
2147,2148,99.31344,0.67482746
2148,2149,142.67960000000002,1.2867482
2149,2150,256.49190000000004,3.63153
2150,2151,5.914320000000001,0.21129003
2151,2152,63.23078000000001,0.39366767
2152,2153,155.90839999999997,1.4821414
2153,2154,192.20619999999997,2.1312215
2154,2155,300.6111,4.9485903
2155,2156,31.119259999999993,0.24551764
2156,2157,51.95987,0.33027762
2157,2158,30.97977,0.24524303
2158,2159,115.72690000000001,0.8236551
2159,2160,199.24940000000007,2.2717347
2160,2161,227.441,2.888816
2161,2162,129.334,0.99878716
2162,2163,191.61520000000002,2.1194122
2163,2164,126.84129999999999,0.9667182
2164,2165,29.09962,0.2415471
2165,2166,154.45909999999998,1.4607459
2166,2167,9.2758,0.21217994
2167,2168,292.23780000000005,4.687226
2168,2169,179.5043,1.8829426
2169,2170,200.51000000000005,2.2965066
2170,2171,-3.6396399999999987,0.21848086
2171,2172,93.50367000000001,0.62884176
2172,2173,266.24670000000003,3.902846
2173,2174,123.38409999999999,0.92224765
2174,2175,29.0391,0.24142614
2175,2176,236.712,3.111551
2176,2177,171.9085,1.7451319
2177,2178,257.7604,3.665304
2178,2179,208.8788,2.46396
2179,2180,236.31099999999998,3.1019304
2180,2181,179.13510000000002,1.8761556
2181,2182,45.474759999999996,0.29997778
2182,2183,99.17913999999999,0.6737716
2183,2184,222.9225,2.7802331
2184,2185,33.013549999999995,0.24923971
2185,2186,225.9579,2.853255
2186,2187,144.6301,1.3155845
2187,2188,161.2311,1.5611367
2188,2189,168.0995,1.6731256
2189,2190,221.8893,2.7557588
2190,2191,143.1812,1.294156
2191,2192,192.96839999999995,2.146495
2192,2193,62.903079999999996,0.39146754
2193,2194,218.41980000000004,2.6768692
2194,2195,185.71419999999998,2.0016294
2195,2196,105.08190999999998,0.7202424
2196,2197,232.9211,3.0205195
2197,2198,139.40990000000002,1.2384365
2198,2199,134.40800000000002,1.0640119
2199,2200,178.67950000000002,1.8678883
2200,2201,290.4506,4.6317463
2201,2202,232.832,3.0184262
2202,2203,42.04169000000001,0.28487766
2203,2204,254.4139,3.576588
2204,2205,201.01770000000002,2.306647
2205,2206,213.69389999999999,2.5694907
2206,2207,240.37309999999997,3.2039425
2207,2208,209.28989999999996,2.4720795
2208,2209,211.9391,2.5295694
2209,2210,148.0001,1.3653883
2210,2211,99.88556999999999,0.67933726
2211,2212,22.672960000000003,0.22890565
2212,2213,84.83605,0.55890167
2213,2214,155.09730000000002,1.4701856
2214,2215,-3.600109999999999,0.21843037
2215,2216,87.12286000000002,0.57795066
2216,2217,101.62258000000001,0.6930139
2217,2218,133.3082,1.0498921
2218,2219,189.84529999999998,2.0840888
2219,2220,185.9634,2.0066125
2220,2221,136.32340000000002,1.1635603
2221,2222,141.57810000000003,1.2704607
2222,2223,255.21430000000004,3.5979
2223,2224,74.47119,0.47268116
2224,2225,41.497159999999994,0.28265238
2225,2226,255.2517,3.5987806
2226,2227,175.04219999999998,1.7992314
2227,2228,85.94135,0.5681028
2228,2229,35.5654,0.2588056
2229,2230,190.86639999999994,2.1044803
2230,2231,182.0595,1.9295015
2231,2232,263.44419999999997,3.8204584
2232,2233,262.7802,3.8009331
2233,2234,111.21289999999999,0.7686032
2234,2235,138.06619999999998,1.2185404
2235,2236,200.6415,2.2991374
2236,2237,106.31052,0.72991264
2237,2238,63.45298000000001,0.39515182
2238,2239,116.49530000000001,0.83356404
2239,2240,123.54849999999999,0.92435
2240,2241,129.2039,0.9971007
2241,2242,218.4482,2.6775582
2242,2243,106.48025999999999,0.731243
2243,2244,133.17680000000001,1.0481856
2244,2245,385.46700000000004,8.160677
2245,2246,41.35676,0.28208694
2246,2247,81.37124000000001,0.5300231
2247,2248,283.4184000000001,4.4138947
2248,2249,60.85906000000001,0.377802
2249,2250,197.39700000000002,2.23481
2250,2251,187.3165,2.033578
2251,2252,138.99989999999997,1.2323942
2252,2253,205.54089999999997,2.3974183
2253,2254,65.45139,0.4085077
2254,2255,77.95857,0.5015545
2255,2256,142.7036,1.2871555
2256,2257,291.7257,4.671152
2257,2258,118.1081,0.8543184
2258,2259,110.5783,0.7636018
2259,2260,267.65889999999996,3.9440796
2260,2261,66.45905,0.4152477
2261,2262,219.49419999999998,2.7012506
2262,2263,230.36319999999995,2.9590874
2263,2264,173.94299999999998,1.7828895
2264,2265,288.5363,4.572002
2265,2266,107.70111,0.7408546
2266,2267,192.76579999999996,2.142381
2267,2268,254.19660000000002,3.5707633
2268,2269,18.655180000000005,0.22100127
2269,2270,237.55899999999997,3.1318243
2270,2271,85.44532999999998,0.5639701
2271,2272,209.28639999999996,2.4720194
2272,2273,291.8891,4.676534
2273,2274,133.6094,1.0537624
2274,2275,283.3533999999999,4.41167
2275,2276,206.9673,2.4258502
2276,2277,206.3106,2.4127107
2277,2278,302.83449999999993,5.0234323
2278,2279,138.8846,1.2306397
2279,2280,89.12114,0.59430504
2280,2281,206.03420000000003,2.4072664
2281,2282,137.7819,1.2143534
2282,2283,214.3381,2.5840695
2283,2284,156.28970000000004,1.4878136
2284,2285,265.2665,3.8738322
2285,2286,239.5303,3.1814167
2286,2287,206.95579999999998,2.4256423
2287,2288,5.656149999999999,0.21132144
2288,2289,202.9934,2.346028
2289,2290,47.34031,0.30852738
2290,2291,22.951520000000002,0.22945449
2291,2292,193.15150000000003,2.15011
2292,2293,240.4352,3.2056243
2293,2294,104.91971999999998,0.71896625
2294,2295,138.87139999999997,1.2304409
2295,2296,27.814839999999997,0.23901814
2296,2297,110.81939999999999,0.7655202
2297,2298,312.30219999999997,5.342831
2298,2299,229.2821,2.9331558
2299,2300,287.5852,4.5424533
2300,2301,64.31979,0.400945
2301,2302,149.1144,1.381795
2302,2303,302.7013,5.0191154
2303,2304,299.8103,4.9218087
2304,2305,216.66950000000003,2.637122
2305,2306,188.78740000000002,2.062995
2306,2307,108.23865999999998,0.74538183
2307,2308,89.82042,0.5998133
2308,2309,169.1606,1.6929811
2309,2310,295.6469,4.7928433
2310,2311,307.92459999999994,5.1951194
2311,2312,84.19806999999999,0.553586
2312,2313,216.36020000000002,2.630078
2313,2314,163.70019999999997,1.6014447
2314,2315,234.85479999999995,3.0669165
2315,2316,203.87049999999996,2.3635244
2316,2317,133.03549999999998,1.0463932
2317,2318,74.86654,0.4759016
2318,2319,109.5409,0.75545
2319,2320,238.641,3.1579993
2320,2321,155.15409999999997,1.4710486
2321,2322,35.498569999999994,0.25853652
2322,2323,292.597,4.698137
2323,2324,233.97150000000002,3.0457256
2324,2325,16.03756,0.21706024
2325,2326,122.5238,0.9111637
2326,2327,111.13589999999998,0.7680073
2327,2328,135.283,1.0810093
2328,2329,116.49909999999998,0.8336117
2329,2330,209.30460000000002,2.4724078
2330,2331,196.50590000000003,2.217055
2331,2332,59.34277999999999,0.36976728
2332,2333,47.30266,0.30835223
2333,2334,216.71970000000002,2.6382692
2334,2335,106.64405000000001,0.732532
2335,2336,224.5719,2.8198664
2336,2337,92.33031999999999,0.6195955
2337,2338,204.4344,2.3753493
2338,2339,157.87849999999997,1.5112449
2339,2340,179.77640000000002,1.88787
2340,2341,104.96986000000001,0.7193583
2341,2342,105.59664,0.72428906
2342,2343,47.29349,0.30831122
2343,2344,230.66789999999997,2.9663827
2344,2345,159.76529999999994,1.5393056
2345,2346,293.04819999999995,4.7122374
2346,2347,175.31680000000003,1.8036741
2347,2348,78.60571,0.5069572
2348,2349,300.18300000000005,4.9341426
2349,2350,223.0445,2.7831738
2350,2351,140.69270000000003,1.2574087
2351,2352,43.996460000000006,0.2931975
2352,2353,193.73049999999995,2.1616526
2353,2354,101.08106999999998,0.6887628
2354,2355,205.65420000000003,2.3996716
2355,2356,74.59141,0.4736642
2356,2357,255.7726,3.6125176
2357,2358,33.501369999999994,0.25050306
2358,2359,212.77730000000003,2.5486362
2359,2360,142.67459999999997,1.2866778
2360,2361,159.43689999999998,1.534496
2361,2362,165.29229999999998,1.6273829
2362,2363,45.42935000000001,0.29977
2363,2364,75.13273999999998,0.47808245
2364,2365,170.6593,1.7213992
2365,2366,247.6047,3.3957245
2366,2367,167.04410000000001,1.655944
2367,2368,190.2719,2.0925968
2368,2369,173.91330000000002,1.7824985
2369,2370,274.46760000000006,4.1441097
2370,2371,133.12040000000002,1.0474633
2371,2372,125.6899,0.9519105
2372,2373,264.0274,3.8376489
2373,2374,127.6692,0.9773817
2374,2375,9.62771,0.21243384
2375,2376,175.62250000000003,1.8089234
2376,2377,215.9638,2.6210797
2377,2378,71.27124,0.44749206
2378,2379,255.97270000000003,3.6180007
2379,2380,99.95593000000001,0.6798843
2380,2381,224.15979999999996,2.8099601
2381,2382,72.51971000000002,0.45714965
2382,2383,204.88909999999998,2.3844316
2383,2384,197.4595,2.2360451
2384,2385,212.05110000000002,2.5321653
2385,2386,80.29393000000003,0.52103317
2386,2387,81.82829999999998,0.5338216
2387,2388,137.6451,1.2123613
2388,2389,124.23429999999998,0.9331795
2389,2390,207.3964,2.4344308
2390,2391,29.69615,0.24271914
2391,2392,13.59959,0.21530111
2392,2393,83.04244,0.5439533
2393,2394,173.39399999999998,1.7733451
2394,2395,121.51780000000001,0.8982345
2395,2396,209.4245,2.4748287
2396,2397,80.31477,0.52121913
2397,2398,259.78159999999997,3.7188442
2398,2399,109.6668,0.756457
2399,2400,263.69489999999996,3.8277738
2400,2401,63.115309999999994,0.39288992
2401,2402,282.90870000000007,4.3978972
2402,2403,201.4803,2.3158267
2403,2404,310.81639999999993,5.29283
2404,2405,46.030699999999996,0.30252326
2405,2406,59.754439999999995,0.3718567
2406,2407,166.32020000000006,1.6441103
2407,2408,276.5997,4.206495
2408,2409,213.9144,2.5745022
2409,2410,237.2491,3.12442
2410,2411,173.2548,1.7706338
2411,2412,160.22220000000002,1.5460802
2412,2413,74.32038000000001,0.4714537
2413,2414,235.212,3.07556
2414,2415,163.2914,1.5947855
2415,2416,76.98334,0.49343202
2416,2417,227.42940000000002,2.8886154
2417,2418,219.66999999999996,2.705345
2418,2419,189.5469,2.078176
2419,2420,230.65059999999997,2.966017
2420,2421,73.28262,0.4630516
2421,2422,53.191949999999984,0.33700585
2422,2423,281.61409999999995,4.3578763
2423,2424,217.1387,2.6477766
2424,2425,203.64570000000003,2.3590424
2425,2426,179.01739999999998,1.8740535
2426,2427,321.72439999999995,5.661613
2427,2428,192.30559999999997,2.1332438
2428,2429,-6.395360000000002,0.22206774
2429,2430,30.329240000000002,0.2439642
2430,2431,266.8059,3.9191794
2431,2432,219.8105,2.7084806
2432,2433,344.24170000000004,6.4781117
2433,2434,118.1145,0.85441625
2434,2435,56.07392,0.35292548
2435,2436,53.57421999999999,0.33912045
2436,2437,-13.661179999999998,0.23421095
2437,2438,9.03619,0.21200703
2438,2439,335.4915000000001,6.16114
2439,2440,102.62096,0.7008712
2440,2441,172.8484,1.7630206
2441,2442,121.83160000000004,0.90226805
2442,2443,349.6357000000001,6.673305
2443,2444,56.86181,0.35715094
2444,2445,229.24790000000002,2.93229
2445,2446,154.38760000000002,1.4597145
2446,2447,190.49380000000002,2.0970874
2447,2448,236.54400000000004,3.1075215
2448,2449,355.9547,6.9299426
2449,2450,216.7516,2.6389806
2450,2451,26.635170000000002,0.23669946
2451,2452,250.42769999999996,3.4704697
2452,2453,172.64359999999996,1.7590892
2453,2454,166.15970000000002,1.641502
2454,2455,93.16701,0.62617755
2455,2456,196.127,2.2094986
2456,2457,85.43023,0.5638554
2457,2458,95.44424000000001,0.6441095
2458,2459,186.17789999999997,2.0108936
2459,2460,164.90640000000005,1.6210784
2460,2461,50.86521,0.32494092
2461,2462,33.511649999999996,0.25054148
2462,2463,225.1062,2.83274
2463,2464,152.23659999999995,1.4278975
2464,2465,1.6490499999999986,0.2118006
2465,2466,153.89690000000002,1.4524299
2466,2467,88.22706,0.5871359
2467,2468,196.9657,2.226209
2468,2469,157.96169999999998,1.5127066
2469,2470,193.36969999999997,2.1544392
2470,2471,170.88719999999998,1.7257762
2471,2472,57.78148999999999,0.36182818
2472,2473,31.1007,0.24548255
2473,2474,281.3168,4.34849
2474,2475,199.7272,2.2812798
2475,2476,319.0582999999999,5.570563
2476,2477,142.70829999999998,1.2871906
2477,2478,5.637689999999999,0.21132368
2478,2479,392.0033,8.432902
2479,2480,126.2369,0.95896757
2480,2481,64.60511,0.4028466
2481,2482,239.052,3.1689458
2482,2483,215.78910000000002,2.6170805
2483,2484,163.9974,1.6062514
2484,2485,25.34823,0.23416772
2485,2486,214.76159999999996,2.5937827
2486,2487,124.70160000000001,0.93919134
2487,2488,175.9067,1.8138527
2488,2489,122.0992,0.9057107
2489,2490,260.6978,3.7432053
2490,2491,87.93360000000001,0.58471596
2491,2492,129.65569999999997,1.0029128
2492,2493,202.902,2.3441823
2493,2494,201.2747,2.311787
2494,2495,253.57139999999998,3.554127
2495,2496,236.26530000000002,3.1008613
2496,2497,239.2048,3.1729085
2497,2498,86.60007,0.5736016
2498,2499,138.0831,1.2187887
2499,2500,194.94439999999997,2.1859176
2500,2501,343.41620000000006,6.4483275
2501,2502,155.9407,1.4826273
2502,2503,220.54999999999993,2.7253196
2503,2504,155.13340000000002,1.4707372
2504,2505,34.47231,0.25440958
2505,2506,159.18160000000003,1.530754
2506,2507,129.46810000000002,1.0005205
2507,2508,121.21140000000001,0.89427125
2508,2509,293.22270000000003,4.7177625
2509,2510,171.4937,1.7372851
2510,2511,285.4166000000001,4.4759073
2511,2512,69.77288999999999,0.43739572
2512,2513,209.7514,2.4813101
2513,2514,106.89502999999996,0.73451054
2514,2515,51.272949999999994,0.32692283
2515,2516,170.8067,1.7241818
2516,2517,219.9209,2.710989
2517,2518,163.8869,1.604458
2518,2519,257.17199999999997,3.6495674
2519,2520,184.97949999999997,1.9869651
2520,2521,218.05199999999994,2.6684773
2521,2522,184.54219999999998,1.9782075
2522,2523,205.2166,2.3909957
2523,2524,262.1402,3.7821832
2524,2525,153.14100000000002,1.4412851
2525,2526,163.36679999999996,1.5959823
2526,2527,126.8981,0.9674629
2527,2528,80.41342,0.52202415
2528,2529,378.4965,7.86997
2529,2530,77.91247000000001,0.5011823
2530,2531,229.1852,2.9308069
2531,2532,186.474,2.0167975
2532,2533,172.95980000000003,1.7650973
2533,2534,248.8551,3.428921
2534,2535,203.7324,2.3607297
2535,2536,50.20356,0.3217147
2536,2537,183.50299999999996,1.9574524
2537,2538,116.65079999999996,0.8355516
2538,2539,246.731,3.3725688
2539,2540,157.77429999999998,1.5097055
2540,2541,195.9545,2.206001
2541,2542,88.54529,0.5897455
2542,2543,268.16519999999997,3.9589899
2543,2544,190.6843,2.1008694
2544,2545,57.35472,0.3596596
2545,2546,205.74890000000002,2.4015572
2546,2547,66.1975,0.41350216
2547,2548,206.7161,2.4208658
2548,2549,205.1002,2.388682
2549,2550,74.47512999999998,0.47271228
2550,2551,163.6749,1.6009896
2551,2552,314.6838,5.4230447
2552,2553,246.2842,3.360789
2553,2554,135.8948,1.119826
2554,2555,247.27790000000002,3.387131
2555,2556,260.3672,3.7343497
2556,2557,76.14390999999999,0.48642007
2557,2558,213.97140000000002,2.5757263
2558,2559,10.029070000000003,0.21272324
2559,2560,41.07772,0.28096864
2560,2561,212.74989999999997,2.547994
2561,2562,106.86392,0.7342545
2562,2563,196.86860000000001,2.2242491
2563,2564,42.94863000000001,0.28861904
2564,2565,105.89826,0.726663
2565,2566,114.2799,0.8050358
2566,2567,64.12861,0.39967296
2567,2568,184.0833,1.9690744
2568,2569,221.1245,2.7383454
2569,2570,161.23789999999997,1.5612658
2570,2571,344.14849999999996,6.4747486
2571,2572,8.26805,0.21145226
2572,2573,118.4528,0.8587483
2573,2574,209.3401,2.4731581
2574,2575,301.4261,4.9761257
2575,2576,25.938390000000002,0.23533106
2576,2577,231.66899999999998,2.9903946
2577,2578,199.37150000000003,2.2741761
2578,2579,208.0417,2.447267
2579,2580,-2.0642100000000014,0.2164329
2580,2581,292.45,4.6937847
2581,2582,270.94960000000003,4.0408173
2582,2583,89.72376999999997,0.59905225
2583,2584,191.25229999999996,2.1122088
2584,2585,190.4506,2.0961854
2585,2586,18.746090000000002,0.22118053
2586,2587,41.045379999999994,0.28083974
2587,2588,203.7701,2.3614967
2588,2589,266.1639,3.9002545
2589,2590,104.99301,0.71954274
2590,2591,115.40899999999999,0.81956947
2591,2592,60.94121,0.378356
2592,2593,156.71189999999999,1.4940077
2593,2594,127.33829999999999,0.973119
2594,2595,186.73859999999996,2.0220625
2595,2596,234.25080000000003,3.0524771
2596,2597,128.1361,0.98338115
2597,2598,56.222010000000004,0.3537399
2598,2599,89.73807000000001,0.5991585
2599,2600,192.1872,2.130869
2600,2601,85.44191,0.5639545
2601,2602,202.27839999999998,2.3317802
2602,2603,113.41710000000002,0.79389644
2603,2604,196.86990000000003,2.2242806
2604,2605,166.39200000000002,1.6452652
2605,2606,143.6935,1.3017448
2606,2607,163.3941,1.596452
2607,2608,127.6548,0.9771869
2608,2609,191.6261,2.1196845
2609,2610,293.8778999999999,4.7379093
2610,2611,277.55370000000005,4.2346005
2611,2612,30.673629999999992,0.24464166
2612,2613,41.10338,0.28106767
2613,2614,138.1071,1.2192026
2614,2615,270.1459,4.0170608
2615,2616,135.43089999999998,1.0912056
2616,2617,195.2079,2.191159
2617,2618,325.81550000000004,5.8098793
2618,2619,242.7084,3.2657192
2619,2620,158.24610000000004,1.5168947
2620,2621,118.69480000000001,0.86185896
2621,2622,215.8632,2.618756
2622,2623,119.0927,0.8670062
2623,2624,218.31359999999998,2.674494
2624,2625,399.4082,8.741526
2625,2626,220.92229999999998,2.7337654
2626,2627,109.30770000000003,0.7536293
2627,2628,247.23359999999997,3.385818
